,Background,Hoodie,Hand,Bracelet,Mask,Mouth,Neck,Eyes
0,Scammer Faces,Snow White,Black Hands,Golden,Platinum Grey,Mad Mouth,Dead Bored Ape,Conscious Eyes
1,Reactive Green,Reactive Green,Glass Hands,Golden,Vendetta Mask,Default,Exhausted Fish,Default
2,Midnight Blue,Snow White,Black Hands,Silver,Moss Green,Serious Mouth,None,Crazy Eyes
3,Platinum Grey,Moss Green,Snake Hand,None,No Face Mask,Default,Good or Bad,Default
4,Gold Yellow,Platinum Grey,Glass Hands,Silver,Serious Brown,Remote Control,None,Mad Eye
5,Reactive Green,Platinum Grey,Number Hands,Silver,Moss Green,Gold Grill,None,Conscious Eyes
6,Reactive Green,Moss Green,Black Hands,None,Midnight Blue,Duct Tape,Consumed Cables,Conscious Eyes
7,Platinum Grey,Platinum Grey,Black Hands,None,Midnight Blue,Cigarette,None,Hacker Googles
8,Moss Green,Platinum Grey,Black Hands,Silver,No Face Mask,Default,None,Default
9,Moss Green,Glass Hoodie,Black Hands,None,Platinum Grey,Gold Grill,None,Conscious Eyes
10,Snow White,Platinum Grey,Black Hands,None,Snow White,Duct Tape,Consumed Cables,Crazy Eyes
11,Snow White,Midnight Blue,Black Hands,Silver,Snow White,Cigarette,None,Crying Eyes
12,Platinum Grey,Snow White,Black Hands,None,Moss Green,Split Snakes Tongue,Classic Headphones,Bored Eyes
13,Gold Yellow,Reactive Green,Glass Hands,None,Vendetta Mask,Default,None,Default
14,Snow White,Reactive Green,Black Hands,None,Vendetta Mask,Default,None,Default
15,Gold Orange,Reactive Green,Black Hands,None,Serious Brown,Faceless Mouth,Exhausted Fish,Mad Eye
16,Platinum Grey,Reactive Green,Black Hands,Silver,Ape Mask,Default,None,Default
17,Moss Green,Moss Green,Number Hands,None,Moss Green,Duct Tape,Exhausted Fish,Bored Eyes
18,Platinum Grey,Midnight Blue,Glass Hands,None,Platinum Grey,Remote Control,None,Focused Eyes
19,Midnight Blue,Platinum Grey,Black Hands,Silver,Snow White,Remote Control,Chilling Cat,Bored Eyes
20,Snow White,Moss Green,Black Hands,None,Midnight Blue,Serious Mouth,Chilling Cat,Crazy Eyes
21,Gold Orange,Glass Hoodie,Black Hands,Silver,Trippy Mask,Remote Control,None,Conscious Eyes
22,Platinum Grey,Glass Hoodie,Black Hands,Golden,Platinum Grey,Faceless Mouth,None,Conscious Eyes
23,Reactive Green,Glass Hoodie,Bone Fingers,None,Vendetta Mask,Default,None,Default
24,Gold Yellow,Moss Green,Black Hands,None,Moss Green,Serious Mouth,None,Mad Eye
25,Snow White,Snow White,Diamond Hands,None,Vendetta Mask,Default,None,Default
26,Reactive Green,Moss Green,Snake Hand,None,Platinum Grey,Faceless Mouth,Chilling Cat,Conscious Eyes
27,Reactive Green,Reactive Green,Black Hands,None,Vendetta Mask,Default,None,Default
28,Gold Orange,Midnight Blue,Number Hands,None,Vendetta Mask,Default,None,Default
29,Gold Yellow,Platinum Grey,Black Hands,Diamond,Snow White,Duct Tape,None,Conscious Eyes
30,Platinum Grey,Platinum Grey,Black Hands,Silver,Platinum Grey,Faceless Mouth,None,Focused Eyes
31,Snow White,Snow White,Black Hands,None,Midnight Blue,Split Snakes Tongue,Dead Bored Ape,Conscious Eyes
32,Platinum Grey,Midnight Blue,Snake Hand,None,Creepy Mask,Default,None,Default
33,Snow White,Moss Green,Black Hands,Silver,Midnight Blue,Faceless Mouth,None,Crazy Eyes
34,Gold Yellow,Midnight Blue,Snake Hand,None,Purge Mask,Default,None,Default
35,Platinum Grey,Numbers Hoodie,Black Hands,Silver,Platinum Grey,Duct Tape,None,Conscious Eyes
36,Reactive Green,Snow White,Snake Hand,None,Vendetta Mask,Default,None,Default
37,Moss Green,Reactive Green,Black Hands,Silver,Midnight Blue,Serious Mouth,None,Mad Eye
38,Moss Green,Reactive Green,Black Hands,Golden,Platinum Grey,Faceless Mouth,None,Focused Eyes
39,Snow White,Glass Hoodie,Snake Hand,None,Platinum Grey,Duct Tape,Consumed Cables,Crazy Eyes
40,Platinum Grey,Midnight Blue,Black Hands,Silver,Midnight Blue,Serious Mouth,None,Focused Eyes
41,Reactive Green,Moss Green,Black Hands,None,Midnight Blue,Serious Mouth,None,Focused Eyes
42,Reactive Green,Midnight Blue,Black Hands,Golden,Midnight Blue,Serious Mouth,Exhausted Fish,Bored Eyes
43,Gold Orange,Glass Hoodie,Black Hands,None,Midnight Blue,Split Snakes Tongue,None,Focused Eyes
44,Snow White,Moss Green,Black Hands,None,Platinum Grey,Cigarette,Consumed Cables,Focused Eyes
45,Reactive Green,Midnight Blue,Black Hands,Silver,Midnight Blue,Mad Mouth,None,Conscious Eyes
46,Reactive Green,Reactive Green,Glass Hands,None,Moss Green,Gold Grill,Dead Bored Ape,Crazy Eyes
47,Moss Green,Platinum Grey,Number Hands,Golden,Snow White,Faceless Mouth,None,Focused Eyes
48,Reactive Green,Glass Hoodie,Number Hands,None,Purge Mask,Default,None,Default
49,Snow White,Moss Green,Black Hands,None,Serious Brown,Cigarette,None,Conscious Eyes
50,Gold Yellow,Moss Green,Bone Fingers,None,Snow White,Faceless Mouth,None,Conscious Eyes
51,Platinum Grey,Reactive Green,Black Hands,None,Creepy Mask,Default,Exhausted Fish,Default
52,Gold Yellow,Moss Green,Number Hands,Diamond,Vendetta Mask,Default,None,Default
53,Reactive Green,Reactive Green,Number Hands,None,Midnight Blue,Duct Tape,None,Mad Eye
54,Snow White,Trippy Hoodie,Black Hands,Silver,Midnight Blue,Gold Grill,Good or Bad,Conscious Eyes
55,Moss Green,Glass Hoodie,Black Hands,Silver,Platinum Grey,Serious Mouth,None,Conscious Eyes
56,Gold Orange,Numbers Hoodie,Black Hands,Silver,Moss Green,Faceless Mouth,None,Focused Eyes
57,Midnight Blue,Reactive Green,Black Hands,None,Vendetta Mask,Default,Chilling Cat,Default
58,Gold Orange,Reactive Green,Black Hands,Golden,Midnight Blue,Serious Mouth,Classic Headphones,Conscious Eyes
59,Moss Green,Reactive Green,Black Hands,None,Creepy Mask,Default,Chilling Cat,Default
60,Reactive Green,Moss Green,Black Hands,Golden,Moss Green,Mad Mouth,None,Focused Eyes
61,Gold Orange,Reactive Green,Bone Fingers,None,No Face Mask,Default,Good or Bad,Default
62,Gold Orange,Moss Green,Number Hands,Golden,Purge Mask,Default,Exhausted Fish,Default
63,Moss Green,Skeleton,Black Hands,Silver,Moss Green,Duct Tape,None,Conscious Eyes
64,Gold Orange,Moss Green,Bone Fingers,None,Moss Green,Remote Control,None,Conscious Eyes
65,Gold Orange,Reactive Green,Snake Hand,None,Midnight Blue,Mad Mouth,Classic Headphones,Crazy Eyes
66,Midnight Blue,Reactive Green,Black Hands,Silver,Purge Mask,Default,None,Default
67,Reactive Green,Snow White,Black Hands,None,Serious Brown,Cigarette,Exhausted Fish,Crazy Eyes
68,Moss Green,Platinum Grey,Black Hands,None,No Face Mask,Default,Chilling Cat,Default
69,Snow White,Moss Green,Black Hands,Emerald,Ape Mask,Default,None,Default
70,Gold Yellow,Moss Green,Black Hands,None,Snow White,Faceless Mouth,None,Focused Eyes
71,Gold Orange,Midnight Blue,Diamond Hands,Golden,Serious Brown,Gold Grill,Chilling Cat,Mad Eye
72,Platinum Grey,Numbers Hoodie,Snake Hand,None,Trippy Mask,Gold Grill,Chilling Cat,Crazy Eyes
73,Midnight Blue,Eyes Hoodie,Black Hands,Diamond,Moss Green,Split Snakes Tongue,Classic Headphones,Hacker Googles
74,Moss Green,Reactive Green,Black Hands,Emerald,Moss Green,Serious Mouth,Chilling Cat,Crying Eyes
75,Midnight Blue,Moss Green,Black Hands,None,Serious Brown,Mad Mouth,None,Conscious Eyes
76,Platinum Grey,Reactive Green,Black Hands,None,Snow White,Mad Mouth,Chilling Cat,Conscious Eyes
77,Midnight Blue,Moss Green,Black Hands,Silver,Serious Brown,Remote Control,Good or Bad,Conscious Eyes
78,Moss Green,Platinum Grey,Glass Hands,Diamond,Purge Mask,Default,Exhausted Fish,Default
79,Gold Orange,Reactive Green,Black Hands,Silver,Platinum Grey,Duct Tape,Chilling Cat,Focused Eyes
80,Moss Green,Eyes Hoodie,Bone Fingers,None,Serious Brown,Serious Mouth,None,Focused Eyes
81,Snow White,Platinum Grey,Black Hands,None,Purge Mask,Default,None,Default
82,Snow White,Eyes Hoodie,Black Hands,None,Moss Green,Duct Tape,Consumed Cables,Mad Eye
83,Snow White,Reactive Green,Black Hands,Golden,Midnight Blue,Remote Control,None,Conscious Eyes
84,Midnight Blue,Snow White,Black Hands,Golden,Serious Brown,Duct Tape,Chilling Cat,Mad Eye
85,Gold Yellow,Platinum Grey,Number Hands,Diamond,Platinum Grey,Serious Mouth,None,Mad Eye
86,Reactive Green,Midnight Blue,Snake Hand,None,Serious Brown,Gold Grill,Exhausted Fish,Mad Eye
87,Snow White,Moss Green,Black Hands,None,Snow White,Mad Mouth,None,Conscious Eyes
88,Snow White,Eyes Hoodie,Number Hands,None,Purge Mask,Default,Classic Headphones,Default
89,Moss Green,Moss Green,Black Hands,None,Snow White,Duct Tape,Exhausted Fish,Bored Eyes
90,Reactive Green,Reactive Green,Black Hands,None,Snow White,Duct Tape,None,Mad Eye
91,Reactive Green,Reactive Green,Black Hands,None,Platinum Grey,Serious Mouth,Sushi Lover,Mad Eye
92,Moss Green,Midnight Blue,Black Hands,None,Moss Green,Cigarette,Good or Bad,Mad Eye
93,Platinum Grey,Moss Green,Black Hands,None,Snow White,Faceless Mouth,None,Hacker Googles
94,Midnight Blue,Reactive Green,Black Hands,None,Snow White,Faceless Mouth,None,Hacker Googles
95,Midnight Blue,Moss Green,Black Hands,Diamond,Serious Brown,Remote Control,Good or Bad,Mad Eye
96,Midnight Blue,Reactive Green,Black Hands,None,Creepy Mask,Default,None,Default
97,Moss Green,Moss Green,Number Hands,None,Purge Mask,Default,None,Default
98,Gold Orange,Glass Hoodie,Black Hands,None,Moss Green,Duct Tape,Classic Headphones,Bored Eyes
99,Reactive Green,Skeleton,Black Hands,Silver,Midnight Blue,Duct Tape,None,Focused Eyes
100,Moss Green,Moss Green,Number Hands,None,Moss Green,Duct Tape,Classic Headphones,Conscious Eyes
101,Gold Yellow,Numbers Hoodie,Snake Hand,None,Moss Green,Mad Mouth,None,Crazy Eyes
102,Platinum Grey,Moss Green,Glass Hands,Silver,No Face Mask,Default,None,Default
103,Snow White,Moss Green,Black Hands,Diamond,No Face Mask,Default,Dead Bored Ape,Default
104,Midnight Blue,Platinum Grey,Black Hands,None,Snow White,Faceless Mouth,Good or Bad,Conscious Eyes
105,Snow White,Moss Green,Black Hands,Golden,Creepy Mask,Default,Consumed Cables,Default
106,Moss Green,Reactive Green,Black Hands,Silver,Serious Brown,Cigarette,None,Crazy Eyes
107,Reactive Green,Platinum Grey,Number Hands,Silver,Platinum Grey,Serious Mouth,None,Hacker Googles
108,Reactive Green,Reactive Green,Snake Hand,None,Vendetta Mask,Default,Exhausted Fish,Default
109,Midnight Blue,Platinum Grey,Number Hands,Golden,Moss Green,Cigarette,None,Bored Eyes
110,Reactive Green,Trippy Hoodie,Black Hands,Silver,Serious Brown,Faceless Mouth,None,Bored Eyes
111,Snow White,Glass Hoodie,Black Hands,Silver,Midnight Blue,Remote Control,None,Conscious Eyes
112,Snow White,Snow White,Black Hands,None,No Face Mask,Default,Good or Bad,Default
113,Gold Orange,Snow White,Black Hands,None,No Face Mask,Default,Classic Headphones,Default
114,Gold Orange,Snow White,Black Hands,None,No Face Mask,Default,None,Default
115,Platinum Grey,Glass Hoodie,Snake Hand,None,No Face Mask,Default,None,Default
116,Reactive Green,Reactive Green,Snake Hand,None,No Face Mask,Default,None,Default
117,Gold Yellow,Eyes Hoodie,Number Hands,Golden,Purge Mask,Default,None,Default
118,Platinum Grey,Glass Hoodie,Black Hands,None,Snow White,Cigarette,None,Conscious Eyes
119,Platinum Grey,Trippy Hoodie,Snake Hand,None,Platinum Grey,Gold Grill,None,Focused Eyes
120,Platinum Grey,Moss Green,Glass Hands,Silver,Purge Mask,Default,Consumed Cables,Default
121,Gold Yellow,Moss Green,Black Hands,Emerald,Purge Mask,Default,None,Default
122,Platinum Grey,Platinum Grey,Glass Hands,Diamond,Purge Mask,Default,None,Default
123,Snow White,Midnight Blue,Glass Hands,None,Moss Green,Duct Tape,None,Conscious Eyes
124,Midnight Blue,Snow White,Black Hands,None,Moss Green,Duct Tape,Exhausted Fish,Conscious Eyes
125,Midnight Blue,Platinum Grey,Black Hands,Golden,Snow White,Serious Mouth,Sushi Lover,Mad Eye
126,Snow White,Moss Green,Black Hands,None,Serious Brown,Mad Mouth,Good or Bad,Crazy Eyes
127,Platinum Grey,Midnight Blue,Black Hands,Golden,Serious Brown,Serious Mouth,None,Bored Eyes
128,Midnight Blue,Moss Green,Number Hands,None,Platinum Grey,Cigarette,None,Mad Eye
129,Gold Yellow,Numbers Hoodie,Glass Hands,Silver,Snow White,Split Snakes Tongue,Good or Bad,Conscious Eyes
130,Midnight Blue,Snow White,Bone Fingers,None,Moss Green,Serious Mouth,None,Conscious Eyes
131,Snow White,Reactive Green,Black Hands,Silver,Vendetta Mask,Default,Classic Headphones,Default
132,Moss Green,Moss Green,Black Hands,Emerald,Creepy Mask,Default,Exhausted Fish,Default
133,Midnight Blue,Snow White,Black Hands,Silver,Serious Brown,Mad Mouth,None,Focused Eyes
134,Platinum Grey,Skeleton,Black Hands,None,Platinum Grey,Gold Grill,None,Bored Eyes
135,Reactive Green,Platinum Grey,Black Hands,None,Purge Mask,Default,None,Default
136,Midnight Blue,Midnight Blue,Black Hands,None,Creepy Mask,Default,Chilling Cat,Default
137,Moss Green,Moss Green,Bone Fingers,None,Snow White,Mad Mouth,Exhausted Fish,Conscious Eyes
138,Snow White,Reactive Green,Glass Hands,None,No Face Mask,Default,Dead Bored Ape,Default
139,Gold Yellow,Midnight Blue,Black Hands,None,No Face Mask,Default,None,Default
140,Reactive Green,Glass Hoodie,Diamond Hands,Silver,Serious Brown,Serious Mouth,None,Focused Eyes
141,Reactive Green,Reactive Green,Glass Hands,None,Snow White,Faceless Mouth,Chilling Cat,Crying Eyes
142,Snow White,Numbers Hoodie,Black Hands,None,Serious Brown,Faceless Mouth,Consumed Cables,Conscious Eyes
143,Moss Green,Reactive Green,Number Hands,Silver,Vendetta Mask,Default,None,Default
144,Platinum Grey,Moss Green,Snake Hand,None,Vendetta Mask,Default,Chilling Cat,Default
145,Gold Orange,Trippy Hoodie,Black Hands,Diamond,Moss Green,Serious Mouth,Exhausted Fish,Focused Eyes
146,Snow White,Platinum Grey,Snake Hand,None,Snow White,Split Snakes Tongue,Classic Headphones,Conscious Eyes
147,Snow White,Numbers Hoodie,Snake Hand,None,Serious Brown,Gold Grill,None,Conscious Eyes
148,Midnight Blue,Platinum Grey,Number Hands,None,Snow White,Split Snakes Tongue,Classic Headphones,Hacker Googles
149,Moss Green,Snow White,Number Hands,Diamond,Vendetta Mask,Default,Classic Headphones,Default
150,Platinum Grey,Snow White,Glass Hands,Emerald,Vendetta Mask,Default,Good or Bad,Default
151,Reactive Green,Midnight Blue,Black Hands,Golden,Serious Brown,Duct Tape,None,Crying Eyes
152,Snow White,Reactive Green,Number Hands,Silver,Platinum Grey,Split Snakes Tongue,None,Focused Eyes
153,Reactive Green,Moss Green,Number Hands,Emerald,Serious Brown,Duct Tape,Good or Bad,Crying Eyes
154,Platinum Grey,Snow White,Black Hands,Diamond,Creepy Mask,Default,Dead Bored Ape,Default
155,Midnight Blue,Moss Green,Black Hands,Silver,Platinum Grey,Split Snakes Tongue,Chilling Cat,Conscious Eyes
156,Moss Green,Eyes Hoodie,Diamond Hands,Silver,Snow White,Serious Mouth,Classic Headphones,Conscious Eyes
157,Gold Orange,Skeleton,Black Hands,Silver,Platinum Grey,Gold Grill,None,Conscious Eyes
158,Snow White,Midnight Blue,Snake Hand,None,Midnight Blue,Cigarette,Classic Headphones,Bored Eyes
159,Reactive Green,Trippy Hoodie,Black Hands,Diamond,Vendetta Mask,Default,None,Default
160,Gold Yellow,Platinum Grey,Black Hands,Silver,Moss Green,Remote Control,None,Hacker Googles
161,Platinum Grey,Platinum Grey,Black Hands,Silver,Vendetta Mask,Default,None,Default
162,Midnight Blue,Numbers Hoodie,Number Hands,Diamond,Serious Brown,Split Snakes Tongue,Chilling Cat,Conscious Eyes
163,Snow White,Platinum Grey,Black Hands,None,Moss Green,Remote Control,None,Conscious Eyes
164,Reactive Green,Platinum Grey,Glass Hands,None,Platinum Grey,Duct Tape,None,Conscious Eyes
165,Moss Green,Reactive Green,Glass Hands,Silver,Midnight Blue,Serious Mouth,Good or Bad,Crazy Eyes
166,Gold Yellow,Midnight Blue,Black Hands,Golden,No Face Mask,Default,Classic Headphones,Default
167,Midnight Blue,Midnight Blue,Black Hands,Silver,Midnight Blue,Faceless Mouth,None,Crazy Eyes
168,Reactive Green,Moss Green,Black Hands,None,No Face Mask,Default,Exhausted Fish,Default
169,Platinum Grey,Snow White,Number Hands,None,Purge Mask,Default,None,Default
170,Platinum Grey,Moss Green,Bone Fingers,None,Serious Brown,Split Snakes Tongue,None,Conscious Eyes
171,Gold Yellow,Midnight Blue,Snake Hand,None,Moss Green,Cigarette,None,Mad Eye
172,Gold Orange,Reactive Green,Black Hands,Silver,Platinum Grey,Remote Control,None,Conscious Eyes
173,Midnight Blue,Glass Hoodie,Black Hands,Silver,Purge Mask,Default,Classic Headphones,Default
174,Platinum Grey,Snow White,Black Hands,None,Snow White,Mad Mouth,Classic Headphones,Conscious Eyes
175,Platinum Grey,Glass Hoodie,Glass Hands,Silver,Serious Brown,Serious Mouth,None,Conscious Eyes
176,Midnight Blue,Platinum Grey,Black Hands,Golden,Moss Green,Serious Mouth,Exhausted Fish,Crying Eyes
177,Gold Orange,Snow White,Black Hands,Golden,No Face Mask,Default,Chilling Cat,Default
178,Moss Green,Platinum Grey,Snake Hand,None,Creepy Mask,Default,None,Default
179,Midnight Blue,Reactive Green,Glass Hands,Silver,Moss Green,Split Snakes Tongue,Good or Bad,Crying Eyes
180,Moss Green,Snow White,Bone Fingers,None,Platinum Grey,Faceless Mouth,None,Mad Eye
181,Platinum Grey,Midnight Blue,Glass Hands,Silver,Vendetta Mask,Default,Consumed Cables,Default
182,Snow White,Platinum Grey,Black Hands,Silver,Snow White,Serious Mouth,None,Crazy Eyes
183,Reactive Green,Snow White,Black Hands,None,No Face Mask,Default,Dead Bored Ape,Default
184,Platinum Grey,Numbers Hoodie,Black Hands,Diamond,Vendetta Mask,Default,Classic Headphones,Default
185,Gold Orange,Snow White,Number Hands,Silver,Serious Brown,Remote Control,None,Crazy Eyes
186,Platinum Grey,Reactive Green,Diamond Hands,Emerald,Platinum Grey,Faceless Mouth,None,Conscious Eyes
187,Snow White,Midnight Blue,Black Hands,Silver,No Face Mask,Default,None,Default
188,Midnight Blue,Midnight Blue,Snake Hand,None,No Face Mask,Default,None,Default
189,Midnight Blue,Eyes Hoodie,Glass Hands,Silver,Snow White,Gold Grill,Chilling Cat,Conscious Eyes
190,Moss Green,Moss Green,Emerald Hands,Golden,Snow White,Faceless Mouth,Consumed Cables,Bored Eyes
191,Platinum Grey,Platinum Grey,Black Hands,Silver,No Face Mask,Default,None,Default
192,Moss Green,Platinum Grey,Emerald Hands,None,Serious Brown,Faceless Mouth,Exhausted Fish,Crying Eyes
193,Gold Orange,Glass Hoodie,Snake Hand,None,Purge Mask,Default,None,Default
194,Platinum Grey,Platinum Grey,Black Hands,Diamond,Moss Green,Duct Tape,Classic Headphones,Mad Eye
195,Snow White,Reactive Green,Black Hands,None,Purge Mask,Default,Classic Headphones,Default
196,Moss Green,Reactive Green,Black Hands,None,Ape Mask,Default,Chilling Cat,Default
197,Reactive Green,Reactive Green,Number Hands,Silver,Creepy Mask,Default,Exhausted Fish,Default
198,Gold Yellow,Trippy Hoodie,Black Hands,None,Vendetta Mask,Default,Dead Bored Ape,Default
199,Moss Green,Midnight Blue,Black Hands,Golden,Moss Green,Remote Control,Exhausted Fish,Conscious Eyes
200,Platinum Grey,Snow White,Glass Hands,Golden,Vendetta Mask,Default,Good or Bad,Default
201,Midnight Blue,Moss Green,Black Hands,None,Vendetta Mask,Default,None,Default
202,Moss Green,Midnight Blue,Black Hands,None,Platinum Grey,Duct Tape,Good or Bad,Bored Eyes
203,Platinum Grey,Platinum Grey,Black Hands,Silver,Moss Green,Serious Mouth,None,Conscious Eyes
204,Snow White,Midnight Blue,Black Hands,None,Serious Brown,Mad Mouth,None,Mad Eye
205,Midnight Blue,Platinum Grey,Black Hands,Silver,Platinum Grey,Serious Mouth,Sushi Lover,Conscious Eyes
206,Snow White,Platinum Grey,Glass Hands,None,Purge Mask,Default,Consumed Cables,Default
207,Midnight Blue,Midnight Blue,Emerald Hands,None,No Face Mask,Default,Chilling Cat,Default
208,Platinum Grey,Moss Green,Black Hands,None,Midnight Blue,Duct Tape,None,Conscious Eyes
209,Snow White,Skeleton,Emerald Hands,None,Platinum Grey,Split Snakes Tongue,None,Focused Eyes
210,Midnight Blue,Glass Hoodie,Snake Hand,None,Moss Green,Duct Tape,Chilling Cat,Crazy Eyes
211,Moss Green,Reactive Green,Black Hands,None,Purge Mask,Default,None,Default
212,Midnight Blue,Moss Green,Glass Hands,None,Midnight Blue,Serious Mouth,None,Crying Eyes
213,Moss Green,Moss Green,Glass Hands,Silver,Midnight Blue,Gold Grill,Consumed Cables,Focused Eyes
214,Platinum Grey,Midnight Blue,Number Hands,None,No Face Mask,Default,Exhausted Fish,Default
215,Moss Green,Numbers Hoodie,Snake Hand,None,No Face Mask,Default,Chilling Cat,Default
216,Midnight Blue,Moss Green,Black Hands,None,Creepy Mask,Default,None,Default
217,Snow White,Reactive Green,Black Hands,None,Vendetta Mask,Default,Classic Headphones,Default
218,Midnight Blue,Platinum Grey,Black Hands,Silver,No Face Mask,Default,Chilling Cat,Default
219,Moss Green,Platinum Grey,Black Hands,None,Snow White,Split Snakes Tongue,None,Crazy Eyes
220,Platinum Grey,Snow White,Bone Fingers,None,Ape Mask,Default,None,Default
221,Snow White,Reactive Green,Glass Hands,Golden,Purge Mask,Default,Exhausted Fish,Default
222,Platinum Grey,Midnight Blue,Glass Hands,None,Moss Green,Cigarette,None,Conscious Eyes
223,Moss Green,Platinum Grey,Black Hands,Golden,Snow White,Serious Mouth,Classic Headphones,Crying Eyes
224,Platinum Grey,Numbers Hoodie,Black Hands,None,Serious Brown,Mad Mouth,Dead Bored Ape,Conscious Eyes
225,Gold Yellow,Reactive Green,Number Hands,None,Midnight Blue,Remote Control,None,Conscious Eyes
226,Snow White,Moss Green,Black Hands,None,Vendetta Mask,Default,None,Default
227,Gold Orange,Platinum Grey,Black Hands,None,Midnight Blue,Faceless Mouth,None,Conscious Eyes
228,Reactive Green,Reactive Green,Black Hands,Silver,Platinum Grey,Serious Mouth,Sushi Lover,Conscious Eyes
229,Snow White,Snow White,Number Hands,None,Midnight Blue,Duct Tape,None,Hacker Googles
230,Midnight Blue,Trippy Hoodie,Glass Hands,Golden,Vendetta Mask,Default,Exhausted Fish,Default
231,Midnight Blue,Moss Green,Glass Hands,Golden,Platinum Grey,Cigarette,None,Mad Eye
232,Midnight Blue,Moss Green,Black Hands,None,Snow White,Cigarette,Chilling Cat,Conscious Eyes
233,Scammer Faces,Moss Green,Black Hands,None,Purge Mask,Default,Exhausted Fish,Default
234,Moss Green,Midnight Blue,Black Hands,Golden,Midnight Blue,Cigarette,Dead Bored Ape,Conscious Eyes
235,Gold Orange,Platinum Grey,Black Hands,None,Creepy Mask,Default,Chilling Cat,Default
236,Midnight Blue,Midnight Blue,Black Hands,Silver,Snow White,Remote Control,None,Conscious Eyes
237,Snow White,Glass Hoodie,Snake Hand,None,Midnight Blue,Cigarette,None,Focused Eyes
238,Reactive Green,Numbers Hoodie,Glass Hands,None,No Face Mask,Default,None,Default
239,Reactive Green,Midnight Blue,Glass Hands,None,Serious Brown,Split Snakes Tongue,None,Focused Eyes
240,Snow White,Reactive Green,Black Hands,None,Midnight Blue,Mad Mouth,None,Focused Eyes
241,Platinum Grey,Moss Green,Black Hands,Silver,Moss Green,Remote Control,None,Crying Eyes
242,Midnight Blue,Glass Hoodie,Glass Hands,Silver,Serious Brown,Faceless Mouth,Exhausted Fish,Crazy Eyes
243,Midnight Blue,Moss Green,Black Hands,None,Midnight Blue,Split Snakes Tongue,Dead Bored Ape,Crying Eyes
244,Reactive Green,Numbers Hoodie,Black Hands,Silver,Platinum Grey,Remote Control,Chilling Cat,Bored Eyes
245,Gold Orange,Midnight Blue,Glass Hands,Silver,Midnight Blue,Serious Mouth,None,Conscious Eyes
246,Platinum Grey,Midnight Blue,Number Hands,None,Snow White,Remote Control,Exhausted Fish,Crazy Eyes
247,Moss Green,Trippy Hoodie,Black Hands,None,Midnight Blue,Faceless Mouth,None,Conscious Eyes
248,Snow White,Platinum Grey,Snake Hand,None,Midnight Blue,Mad Mouth,None,Crazy Eyes
249,Platinum Grey,Platinum Grey,Glass Hands,Silver,Platinum Grey,Faceless Mouth,Good or Bad,Mad Eye
250,Midnight Blue,Reactive Green,Emerald Hands,None,Vendetta Mask,Default,None,Default
251,Platinum Grey,Platinum Grey,Glass Hands,Silver,Serious Brown,Cigarette,None,Conscious Eyes
252,Reactive Green,Snow White,Black Hands,Golden,Snow White,Faceless Mouth,None,Conscious Eyes
253,Moss Green,Glass Hoodie,Black Hands,None,Vendetta Mask,Default,None,Default
254,Reactive Green,Midnight Blue,Black Hands,None,Moss Green,Mad Mouth,Chilling Cat,Crazy Eyes
255,Midnight Blue,Platinum Grey,Bone Fingers,None,Platinum Grey,Mad Mouth,Good or Bad,Conscious Eyes
256,Gold Orange,Reactive Green,Snake Hand,None,Snow White,Remote Control,None,Conscious Eyes
257,Snow White,Midnight Blue,Number Hands,None,Midnight Blue,Duct Tape,None,Focused Eyes
258,Moss Green,Moss Green,Black Hands,None,Midnight Blue,Faceless Mouth,None,Crazy Eyes
259,Platinum Grey,Platinum Grey,Number Hands,None,Snow White,Serious Mouth,None,Crying Eyes
260,Platinum Grey,Reactive Green,Black Hands,None,Moss Green,Serious Mouth,Exhausted Fish,Focused Eyes
261,Moss Green,Eyes Hoodie,Black Hands,Golden,Serious Brown,Serious Mouth,None,Mad Eye
262,Snow White,Trippy Hoodie,Glass Hands,Silver,No Face Mask,Default,None,Default
263,Platinum Grey,Glass Hoodie,Black Hands,Silver,No Face Mask,Default,None,Default
264,Reactive Green,Moss Green,Black Hands,Silver,Serious Brown,Faceless Mouth,None,Conscious Eyes
265,Snow White,Reactive Green,Snake Hand,None,Moss Green,Remote Control,None,Conscious Eyes
266,Snow White,Reactive Green,Black Hands,Silver,Platinum Grey,Cigarette,None,Crazy Eyes
267,Reactive Green,Reactive Green,Bone Fingers,None,Purge Mask,Default,None,Default
268,Snow White,Trippy Hoodie,Black Hands,Silver,Moss Green,Split Snakes Tongue,Consumed Cables,Hacker Googles
269,Reactive Green,Glass Hoodie,Black Hands,None,Platinum Grey,Serious Mouth,Sushi Lover,Bored Eyes
270,Snow White,Platinum Grey,Snake Hand,None,Moss Green,Faceless Mouth,Chilling Cat,Conscious Eyes
271,Scammer Faces,Platinum Grey,Snake Hand,None,Serious Brown,Serious Mouth,Exhausted Fish,Mad Eye
272,Scammer Faces,Reactive Green,Black Hands,Silver,Snow White,Cigarette,None,Conscious Eyes
273,Gold Orange,Moss Green,Black Hands,Golden,Midnight Blue,Duct Tape,Good or Bad,Conscious Eyes
274,Moss Green,Snow White,Black Hands,None,Creepy Mask,Default,None,Default
275,Moss Green,Glass Hoodie,Number Hands,Silver,Creepy Mask,Default,Chilling Cat,Default
276,Gold Orange,Skeleton,Black Hands,Emerald,Midnight Blue,Gold Grill,None,Mad Eye
277,Platinum Grey,Reactive Green,Black Hands,Silver,Serious Brown,Gold Grill,None,Conscious Eyes
278,Gold Yellow,Numbers Hoodie,Black Hands,Diamond,Serious Brown,Faceless Mouth,None,Conscious Eyes
279,Gold Yellow,Moss Green,Black Hands,None,No Face Mask,Default,Good or Bad,Default
280,Gold Orange,Eyes Hoodie,Black Hands,None,Midnight Blue,Remote Control,Classic Headphones,Bored Eyes
281,Reactive Green,Moss Green,Black Hands,None,Creepy Mask,Default,Dead Bored Ape,Default
282,Platinum Grey,Moss Green,Number Hands,Silver,Snow White,Split Snakes Tongue,Exhausted Fish,Crazy Eyes
283,Midnight Blue,Moss Green,Number Hands,Silver,Platinum Grey,Remote Control,None,Conscious Eyes
284,Moss Green,Glass Hoodie,Glass Hands,Golden,Creepy Mask,Default,Dead Bored Ape,Default
285,Midnight Blue,Reactive Green,Diamond Hands,Silver,Vendetta Mask,Default,None,Default
286,Snow White,Numbers Hoodie,Black Hands,Silver,Purge Mask,Default,None,Default
287,Snow White,Midnight Blue,Black Hands,None,No Face Mask,Default,Dead Bored Ape,Default
288,Moss Green,Reactive Green,Black Hands,None,Platinum Grey,Split Snakes Tongue,None,Bored Eyes
289,Moss Green,Snow White,Bone Fingers,None,Platinum Grey,Cigarette,None,Mad Eye
290,Midnight Blue,Numbers Hoodie,Black Hands,Silver,Serious Brown,Mad Mouth,Exhausted Fish,Crying Eyes
291,Snow White,Reactive Green,Black Hands,Silver,No Face Mask,Default,Chilling Cat,Default
292,Moss Green,Eyes Hoodie,Black Hands,Silver,Serious Brown,Mad Mouth,Consumed Cables,Crazy Eyes
293,Snow White,Reactive Green,Black Hands,Silver,Creepy Mask,Default,Good or Bad,Default
294,Snow White,Reactive Green,Black Hands,None,Midnight Blue,Cigarette,None,Crying Eyes
295,Reactive Green,Midnight Blue,Diamond Hands,None,Vendetta Mask,Default,None,Default
296,Platinum Grey,Skeleton,Glass Hands,None,Platinum Grey,Faceless Mouth,None,Conscious Eyes
297,Midnight Blue,Midnight Blue,Snake Hand,None,Moss Green,Serious Mouth,Good or Bad,Crazy Eyes
298,Snow White,Reactive Green,Number Hands,Diamond,Serious Brown,Split Snakes Tongue,None,Conscious Eyes
299,Moss Green,Platinum Grey,Black Hands,None,Trippy Mask,Cigarette,None,Mad Eye
300,Moss Green,Moss Green,Black Hands,None,Midnight Blue,Duct Tape,None,Focused Eyes
301,Midnight Blue,Reactive Green,Number Hands,Golden,Midnight Blue,Faceless Mouth,None,Conscious Eyes
302,Moss Green,Snow White,Snake Hand,None,Platinum Grey,Serious Mouth,None,Conscious Eyes
303,Platinum Grey,Platinum Grey,Black Hands,Golden,Platinum Grey,Gold Grill,Exhausted Fish,Bored Eyes
304,Midnight Blue,Skeleton,Black Hands,Golden,Moss Green,Remote Control,None,Focused Eyes
305,Midnight Blue,Trippy Hoodie,Black Hands,Golden,Vendetta Mask,Default,Chilling Cat,Default
306,Gold Orange,Midnight Blue,Black Hands,None,Ape Mask,Default,Consumed Cables,Default
307,Snow White,Reactive Green,Black Hands,None,Moss Green,Duct Tape,Exhausted Fish,Conscious Eyes
308,Reactive Green,Glass Hoodie,Glass Hands,Silver,Moss Green,Mad Mouth,None,Focused Eyes
309,Moss Green,Numbers Hoodie,Black Hands,Silver,Midnight Blue,Mad Mouth,None,Crazy Eyes
310,Moss Green,Skeleton,Black Hands,None,Serious Brown,Cigarette,None,Bored Eyes
311,Gold Yellow,Reactive Green,Black Hands,Silver,Midnight Blue,Cigarette,None,Bored Eyes
312,Midnight Blue,Midnight Blue,Black Hands,None,Snow White,Serious Mouth,None,Focused Eyes
313,Reactive Green,Midnight Blue,Black Hands,Golden,Serious Brown,Mad Mouth,None,Focused Eyes
314,Gold Yellow,Eyes Hoodie,Snake Hand,None,Serious Brown,Duct Tape,None,Crazy Eyes
315,Platinum Grey,Eyes Hoodie,Black Hands,None,Serious Brown,Mad Mouth,None,Conscious Eyes
316,Gold Orange,Snow White,Snake Hand,None,No Face Mask,Default,None,Default
317,Gold Yellow,Midnight Blue,Black Hands,None,Midnight Blue,Cigarette,None,Focused Eyes
318,Gold Orange,Reactive Green,Black Hands,None,No Face Mask,Default,None,Default
319,Midnight Blue,Midnight Blue,Black Hands,Silver,Serious Brown,Mad Mouth,None,Focused Eyes
320,Platinum Grey,Snow White,Glass Hands,Silver,Vendetta Mask,Default,None,Default
321,Reactive Green,Moss Green,Glass Hands,Emerald,Midnight Blue,Duct Tape,Dead Bored Ape,Mad Eye
322,Snow White,Reactive Green,Emerald Hands,None,Platinum Grey,Gold Grill,None,Focused Eyes
323,Midnight Blue,Glass Hoodie,Black Hands,Silver,Ape Mask,Default,Chilling Cat,Default
324,Moss Green,Platinum Grey,Black Hands,None,Serious Brown,Serious Mouth,Classic Headphones,Focused Eyes
325,Snow White,Snow White,Snake Hand,None,Purge Mask,Default,Exhausted Fish,Default
326,Platinum Grey,Reactive Green,Black Hands,None,Midnight Blue,Split Snakes Tongue,Classic Headphones,Mad Eye
327,Midnight Blue,Skeleton,Black Hands,Silver,Serious Brown,Split Snakes Tongue,None,Focused Eyes
328,Reactive Green,Numbers Hoodie,Glass Hands,Silver,Midnight Blue,Duct Tape,None,Crazy Eyes
329,Reactive Green,Reactive Green,Black Hands,Silver,Serious Brown,Cigarette,None,Crazy Eyes
330,Platinum Grey,Reactive Green,Number Hands,Silver,Platinum Grey,Cigarette,Chilling Cat,Crazy Eyes
331,Reactive Green,Reactive Green,Black Hands,Silver,Platinum Grey,Mad Mouth,None,Conscious Eyes
332,Midnight Blue,Midnight Blue,Black Hands,None,Snow White,Remote Control,None,Conscious Eyes
333,Snow White,Reactive Green,Black Hands,None,Snow White,Faceless Mouth,Exhausted Fish,Mad Eye
334,Moss Green,Platinum Grey,Black Hands,None,Serious Brown,Serious Mouth,None,Focused Eyes
335,Reactive Green,Moss Green,Black Hands,Diamond,Midnight Blue,Cigarette,None,Crazy Eyes
336,Gold Orange,Moss Green,Emerald Hands,Silver,Snow White,Duct Tape,Consumed Cables,Mad Eye
337,Gold Yellow,Platinum Grey,Black Hands,Golden,Platinum Grey,Serious Mouth,Dead Bored Ape,Conscious Eyes
338,Moss Green,Platinum Grey,Black Hands,None,Platinum Grey,Faceless Mouth,None,Crazy Eyes
339,Gold Yellow,Eyes Hoodie,Black Hands,Silver,Serious Brown,Faceless Mouth,Exhausted Fish,Crying Eyes
340,Midnight Blue,Midnight Blue,Black Hands,Silver,Moss Green,Faceless Mouth,None,Conscious Eyes
341,Snow White,Midnight Blue,Snake Hand,None,Midnight Blue,Cigarette,Classic Headphones,Conscious Eyes
342,Platinum Grey,Eyes Hoodie,Black Hands,None,Moss Green,Split Snakes Tongue,Exhausted Fish,Crazy Eyes
343,Reactive Green,Numbers Hoodie,Number Hands,None,Serious Brown,Mad Mouth,None,Focused Eyes
344,Moss Green,Glass Hoodie,Glass Hands,None,Vendetta Mask,Default,None,Default
345,Snow White,Skeleton,Black Hands,Emerald,Snow White,Mad Mouth,None,Focused Eyes
346,Snow White,Platinum Grey,Black Hands,None,Platinum Grey,Serious Mouth,Chilling Cat,Crazy Eyes
347,Reactive Green,Moss Green,Black Hands,None,Serious Brown,Split Snakes Tongue,None,Crazy Eyes
348,Reactive Green,Numbers Hoodie,Black Hands,None,Purge Mask,Default,Exhausted Fish,Default
349,Scammer Faces,Platinum Grey,Bone Fingers,None,Trippy Mask,Cigarette,None,Hacker Googles
350,Gold Orange,Midnight Blue,Snake Hand,None,No Face Mask,Default,None,Default
351,Reactive Green,Midnight Blue,Bone Fingers,None,Purge Mask,Default,Consumed Cables,Default
352,Gold Yellow,Midnight Blue,Glass Hands,Golden,Midnight Blue,Remote Control,None,Conscious Eyes
353,Moss Green,Reactive Green,Snake Hand,None,Purge Mask,Default,None,Default
354,Moss Green,Reactive Green,Black Hands,Golden,Serious Brown,Remote Control,None,Mad Eye
355,Midnight Blue,Moss Green,Emerald Hands,Silver,Platinum Grey,Mad Mouth,None,Conscious Eyes
356,Gold Yellow,Midnight Blue,Black Hands,Silver,No Face Mask,Default,None,Default
357,Platinum Grey,Midnight Blue,Black Hands,Silver,Midnight Blue,Serious Mouth,Sushi Lover,Conscious Eyes
358,Gold Orange,Moss Green,Snake Hand,None,Serious Brown,Duct Tape,Good or Bad,Conscious Eyes
359,Platinum Grey,Reactive Green,Bone Fingers,None,Purge Mask,Default,None,Default
360,Gold Yellow,Midnight Blue,Black Hands,Silver,Moss Green,Cigarette,None,Hacker Googles
361,Midnight Blue,Platinum Grey,Number Hands,Silver,Trippy Mask,Cigarette,None,Mad Eye
362,Reactive Green,Reactive Green,Black Hands,None,Moss Green,Gold Grill,None,Focused Eyes
363,Snow White,Eyes Hoodie,Diamond Hands,Emerald,Serious Brown,Remote Control,None,Hacker Googles
364,Midnight Blue,Reactive Green,Black Hands,None,Platinum Grey,Mad Mouth,None,Conscious Eyes
365,Snow White,Skeleton,Number Hands,Golden,Midnight Blue,Cigarette,None,Conscious Eyes
366,Snow White,Midnight Blue,Black Hands,Golden,Trippy Mask,Serious Mouth,Dead Bored Ape,Hacker Googles
367,Moss Green,Midnight Blue,Black Hands,None,Purge Mask,Default,None,Default
368,Platinum Grey,Snow White,Glass Hands,None,No Face Mask,Default,Exhausted Fish,Default
369,Snow White,Midnight Blue,Black Hands,Silver,Trippy Mask,Duct Tape,Good or Bad,Conscious Eyes
370,Platinum Grey,Eyes Hoodie,Bone Fingers,None,Trippy Mask,Remote Control,Consumed Cables,Mad Eye
371,Platinum Grey,Snow White,Black Hands,Silver,Moss Green,Cigarette,None,Bored Eyes
372,Platinum Grey,Glass Hoodie,Black Hands,Silver,Serious Brown,Duct Tape,None,Hacker Googles
373,Midnight Blue,Snow White,Snake Hand,None,Moss Green,Serious Mouth,Exhausted Fish,Crying Eyes
374,Snow White,Reactive Green,Number Hands,None,Creepy Mask,Default,Good or Bad,Default
375,Moss Green,Reactive Green,Glass Hands,Golden,Purge Mask,Default,Dead Bored Ape,Default
376,Reactive Green,Reactive Green,Bone Fingers,None,Moss Green,Faceless Mouth,None,Mad Eye
377,Reactive Green,Midnight Blue,Snake Hand,None,Purge Mask,Default,None,Default
378,Scammer Faces,Platinum Grey,Black Hands,Golden,Platinum Grey,Serious Mouth,Classic Headphones,Conscious Eyes
379,Snow White,Eyes Hoodie,Glass Hands,Golden,Creepy Mask,Default,Chilling Cat,Default
380,Platinum Grey,Midnight Blue,Snake Hand,None,Serious Brown,Serious Mouth,Dead Bored Ape,Focused Eyes
381,Reactive Green,Reactive Green,Black Hands,Golden,Creepy Mask,Default,Consumed Cables,Default
382,Platinum Grey,Midnight Blue,Bone Fingers,None,Midnight Blue,Duct Tape,None,Crazy Eyes
383,Snow White,Platinum Grey,Black Hands,None,Platinum Grey,Serious Mouth,Chilling Cat,Focused Eyes
384,Reactive Green,Moss Green,Glass Hands,None,Moss Green,Duct Tape,Classic Headphones,Conscious Eyes
385,Snow White,Moss Green,Black Hands,None,Moss Green,Faceless Mouth,Chilling Cat,Conscious Eyes
386,Moss Green,Moss Green,Black Hands,None,Moss Green,Duct Tape,Exhausted Fish,Mad Eye
387,Gold Yellow,Reactive Green,Snake Hand,None,Vendetta Mask,Default,Chilling Cat,Default
388,Midnight Blue,Skeleton,Black Hands,Silver,Midnight Blue,Serious Mouth,None,Mad Eye
389,Midnight Blue,Platinum Grey,Black Hands,Silver,Platinum Grey,Faceless Mouth,None,Mad Eye
390,Reactive Green,Numbers Hoodie,Black Hands,Silver,Trippy Mask,Split Snakes Tongue,Classic Headphones,Crying Eyes
391,Reactive Green,Platinum Grey,Black Hands,None,No Face Mask,Default,None,Default
392,Gold Yellow,Platinum Grey,Number Hands,Silver,Midnight Blue,Faceless Mouth,None,Conscious Eyes
393,Gold Orange,Snow White,Black Hands,Silver,Platinum Grey,Faceless Mouth,None,Bored Eyes
394,Moss Green,Skeleton,Black Hands,None,Snow White,Mad Mouth,None,Conscious Eyes
395,Gold Orange,Moss Green,Number Hands,Silver,Vendetta Mask,Default,Good or Bad,Default
396,Platinum Grey,Glass Hoodie,Black Hands,Silver,Purge Mask,Default,Exhausted Fish,Default
397,Midnight Blue,Glass Hoodie,Black Hands,Silver,Moss Green,Cigarette,Classic Headphones,Bored Eyes
398,Moss Green,Moss Green,Black Hands,None,Moss Green,Mad Mouth,Chilling Cat,Hacker Googles
399,Platinum Grey,Skeleton,Black Hands,Golden,Midnight Blue,Split Snakes Tongue,None,Crazy Eyes
400,Midnight Blue,Reactive Green,Glass Hands,None,Serious Brown,Cigarette,None,Conscious Eyes
401,Gold Yellow,Platinum Grey,Black Hands,Silver,Midnight Blue,Remote Control,None,Bored Eyes
402,Moss Green,Moss Green,Bone Fingers,None,Moss Green,Serious Mouth,Exhausted Fish,Conscious Eyes
403,Moss Green,Reactive Green,Glass Hands,Silver,Vendetta Mask,Default,None,Default
404,Gold Yellow,Moss Green,Black Hands,None,Purge Mask,Default,None,Default
405,Reactive Green,Snow White,Black Hands,Silver,Moss Green,Mad Mouth,None,Mad Eye
406,Snow White,Platinum Grey,Glass Hands,Silver,Purge Mask,Default,Consumed Cables,Default
407,Reactive Green,Platinum Grey,Black Hands,None,Midnight Blue,Serious Mouth,None,Mad Eye
408,Platinum Grey,Moss Green,Diamond Hands,Silver,Moss Green,Faceless Mouth,None,Conscious Eyes
409,Platinum Grey,Reactive Green,Snake Hand,None,Midnight Blue,Remote Control,Exhausted Fish,Crazy Eyes
410,Midnight Blue,Snow White,Number Hands,Golden,No Face Mask,Default,None,Default
411,Platinum Grey,Reactive Green,Snake Hand,None,Platinum Grey,Cigarette,None,Focused Eyes
412,Moss Green,Reactive Green,Glass Hands,Silver,Midnight Blue,Serious Mouth,None,Mad Eye
413,Moss Green,Snow White,Black Hands,Diamond,Serious Brown,Serious Mouth,Consumed Cables,Mad Eye
414,Snow White,Skeleton,Black Hands,Diamond,Midnight Blue,Serious Mouth,None,Focused Eyes
415,Midnight Blue,Eyes Hoodie,Black Hands,None,Ape Mask,Default,None,Default
416,Reactive Green,Midnight Blue,Glass Hands,Golden,Platinum Grey,Serious Mouth,None,Mad Eye
417,Moss Green,Reactive Green,Snake Hand,None,Serious Brown,Faceless Mouth,None,Crazy Eyes
418,Reactive Green,Reactive Green,Glass Hands,None,Purge Mask,Default,None,Default
419,Platinum Grey,Eyes Hoodie,Black Hands,None,Midnight Blue,Faceless Mouth,Exhausted Fish,Focused Eyes
420,Midnight Blue,Numbers Hoodie,Emerald Hands,Golden,Midnight Blue,Serious Mouth,Classic Headphones,Bored Eyes
421,Gold Orange,Reactive Green,Black Hands,None,Vendetta Mask,Default,None,Default
422,Platinum Grey,Moss Green,Bone Fingers,None,No Face Mask,Default,None,Default
423,Gold Yellow,Midnight Blue,Black Hands,Silver,Trippy Mask,Serious Mouth,Chilling Cat,Bored Eyes
424,Snow White,Glass Hoodie,Black Hands,None,Platinum Grey,Serious Mouth,Sushi Lover,Crazy Eyes
425,Snow White,Platinum Grey,Number Hands,None,Moss Green,Cigarette,Chilling Cat,Conscious Eyes
426,Gold Yellow,Platinum Grey,Number Hands,Silver,Platinum Grey,Faceless Mouth,None,Focused Eyes
427,Platinum Grey,Snow White,Bone Fingers,None,Midnight Blue,Duct Tape,None,Bored Eyes
428,Gold Orange,Midnight Blue,Black Hands,None,Snow White,Faceless Mouth,None,Conscious Eyes
429,Reactive Green,Moss Green,Black Hands,Silver,Serious Brown,Remote Control,None,Conscious Eyes
430,Reactive Green,Skeleton,Black Hands,None,Platinum Grey,Serious Mouth,None,Conscious Eyes
431,Snow White,Reactive Green,Black Hands,None,Purge Mask,Default,None,Default
432,Reactive Green,Midnight Blue,Snake Hand,None,Midnight Blue,Cigarette,Exhausted Fish,Crying Eyes
433,Snow White,Platinum Grey,Bone Fingers,None,Purge Mask,Default,None,Default
434,Platinum Grey,Numbers Hoodie,Black Hands,Silver,No Face Mask,Default,None,Default
435,Midnight Blue,Midnight Blue,Black Hands,None,Platinum Grey,Cigarette,Dead Bored Ape,Crazy Eyes
436,Moss Green,Platinum Grey,Black Hands,Silver,Creepy Mask,Default,None,Default
437,Gold Orange,Midnight Blue,Black Hands,Silver,Purge Mask,Default,None,Default
438,Reactive Green,Numbers Hoodie,Glass Hands,Silver,Midnight Blue,Faceless Mouth,Exhausted Fish,Conscious Eyes
439,Moss Green,Snow White,Glass Hands,None,Midnight Blue,Duct Tape,None,Focused Eyes
440,Midnight Blue,Numbers Hoodie,Black Hands,None,Midnight Blue,Cigarette,None,Hacker Googles
441,Snow White,Numbers Hoodie,Black Hands,None,Ape Mask,Default,Consumed Cables,Default
442,Moss Green,Eyes Hoodie,Number Hands,Golden,Moss Green,Cigarette,None,Crying Eyes
443,Snow White,Platinum Grey,Snake Hand,None,Moss Green,Serious Mouth,None,Focused Eyes
444,Platinum Grey,Reactive Green,Black Hands,Golden,No Face Mask,Default,None,Default
445,Reactive Green,Reactive Green,Number Hands,Golden,Midnight Blue,Gold Grill,None,Mad Eye
446,Gold Yellow,Moss Green,Snake Hand,None,Serious Brown,Cigarette,None,Conscious Eyes
447,Snow White,Reactive Green,Black Hands,None,Creepy Mask,Default,None,Default
448,Snow White,Midnight Blue,Number Hands,Silver,Snow White,Duct Tape,None,Mad Eye
449,Midnight Blue,Reactive Green,Glass Hands,Emerald,Moss Green,Faceless Mouth,Chilling Cat,Bored Eyes
450,Midnight Blue,Skeleton,Number Hands,Golden,Moss Green,Cigarette,None,Bored Eyes
451,Gold Yellow,Moss Green,Black Hands,Silver,Purge Mask,Default,Consumed Cables,Default
452,Platinum Grey,Numbers Hoodie,Black Hands,None,Purge Mask,Default,None,Default
453,Snow White,Snow White,Black Hands,None,No Face Mask,Default,None,Default
454,Gold Orange,Moss Green,Bone Fingers,None,Creepy Mask,Default,Consumed Cables,Default
455,Snow White,Snow White,Black Hands,None,Snow White,Gold Grill,None,Mad Eye
456,Midnight Blue,Midnight Blue,Glass Hands,Golden,Midnight Blue,Mad Mouth,Chilling Cat,Conscious Eyes
457,Platinum Grey,Moss Green,Black Hands,Silver,No Face Mask,Default,None,Default
458,Gold Orange,Moss Green,Black Hands,Golden,Serious Brown,Split Snakes Tongue,None,Conscious Eyes
459,Reactive Green,Numbers Hoodie,Number Hands,Silver,Snow White,Duct Tape,Exhausted Fish,Conscious Eyes
460,Gold Orange,Reactive Green,Black Hands,Diamond,Purge Mask,Default,None,Default
461,Gold Orange,Glass Hoodie,Glass Hands,None,Purge Mask,Default,None,Default
462,Snow White,Midnight Blue,Glass Hands,None,Purge Mask,Default,Good or Bad,Default
463,Platinum Grey,Snow White,Black Hands,Silver,Snow White,Serious Mouth,None,Crying Eyes
464,Moss Green,Midnight Blue,Glass Hands,None,Moss Green,Faceless Mouth,None,Conscious Eyes
465,Snow White,Moss Green,Black Hands,None,Ape Mask,Default,Classic Headphones,Default
466,Gold Yellow,Reactive Green,Number Hands,Silver,Trippy Mask,Faceless Mouth,Exhausted Fish,Conscious Eyes
467,Moss Green,Midnight Blue,Snake Hand,None,Midnight Blue,Serious Mouth,None,Bored Eyes
468,Gold Yellow,Eyes Hoodie,Black Hands,None,Creepy Mask,Default,Exhausted Fish,Default
469,Reactive Green,Midnight Blue,Black Hands,None,Platinum Grey,Duct Tape,Consumed Cables,Conscious Eyes
470,Snow White,Reactive Green,Black Hands,Golden,Ape Mask,Default,Classic Headphones,Default
471,Gold Yellow,Eyes Hoodie,Black Hands,None,Moss Green,Remote Control,Classic Headphones,Conscious Eyes
472,Moss Green,Reactive Green,Black Hands,Silver,Midnight Blue,Duct Tape,None,Bored Eyes
473,Reactive Green,Reactive Green,Black Hands,Silver,Moss Green,Serious Mouth,Classic Headphones,Conscious Eyes
474,Snow White,Reactive Green,Diamond Hands,None,Platinum Grey,Cigarette,None,Crying Eyes
475,Gold Orange,Platinum Grey,Black Hands,Silver,Platinum Grey,Serious Mouth,None,Conscious Eyes
476,Platinum Grey,Snow White,Black Hands,None,No Face Mask,Default,None,Default
477,Moss Green,Platinum Grey,Black Hands,Silver,Moss Green,Mad Mouth,None,Crying Eyes
478,Moss Green,Moss Green,Black Hands,None,Vendetta Mask,Default,Exhausted Fish,Default
479,Gold Yellow,Moss Green,Black Hands,None,Snow White,Duct Tape,None,Crazy Eyes
480,Gold Orange,Moss Green,Number Hands,None,Serious Brown,Mad Mouth,None,Crying Eyes
481,Moss Green,Reactive Green,Black Hands,Silver,Trippy Mask,Duct Tape,None,Crazy Eyes
482,Midnight Blue,Numbers Hoodie,Glass Hands,None,Moss Green,Faceless Mouth,Dead Bored Ape,Focused Eyes
483,Gold Yellow,Moss Green,Black Hands,None,Moss Green,Serious Mouth,Sushi Lover,Crazy Eyes
484,Snow White,Reactive Green,Black Hands,None,Snow White,Duct Tape,Chilling Cat,Conscious Eyes
485,Reactive Green,Snow White,Snake Hand,None,Platinum Grey,Faceless Mouth,Chilling Cat,Conscious Eyes
486,Snow White,Reactive Green,Black Hands,None,Serious Brown,Mad Mouth,None,Crying Eyes
487,Midnight Blue,Eyes Hoodie,Glass Hands,Golden,Snow White,Remote Control,None,Bored Eyes
488,Midnight Blue,Numbers Hoodie,Glass Hands,Silver,No Face Mask,Default,None,Default
489,Gold Orange,Platinum Grey,Snake Hand,None,No Face Mask,Default,None,Default
490,Platinum Grey,Reactive Green,Black Hands,None,Serious Brown,Duct Tape,Exhausted Fish,Conscious Eyes
491,Snow White,Trippy Hoodie,Glass Hands,Golden,Vendetta Mask,Default,Chilling Cat,Default
492,Midnight Blue,Trippy Hoodie,Black Hands,Silver,Moss Green,Cigarette,None,Conscious Eyes
493,Reactive Green,Snow White,Glass Hands,None,Midnight Blue,Mad Mouth,None,Bored Eyes
494,Moss Green,Platinum Grey,Snake Hand,None,Midnight Blue,Mad Mouth,None,Mad Eye
495,Midnight Blue,Platinum Grey,Black Hands,None,Vendetta Mask,Default,None,Default
496,Reactive Green,Trippy Hoodie,Black Hands,None,Serious Brown,Serious Mouth,Good or Bad,Conscious Eyes
497,Midnight Blue,Midnight Blue,Number Hands,None,Moss Green,Serious Mouth,Consumed Cables,Focused Eyes
498,Midnight Blue,Snow White,Glass Hands,None,Vendetta Mask,Default,None,Default
499,Gold Yellow,Midnight Blue,Number Hands,Emerald,Platinum Grey,Serious Mouth,Sushi Lover,Mad Eye
500,Snow White,Platinum Grey,Black Hands,Silver,Snow White,Split Snakes Tongue,None,Conscious Eyes
501,Gold Orange,Midnight Blue,Black Hands,None,Serious Brown,Serious Mouth,Consumed Cables,Mad Eye
502,Gold Orange,Numbers Hoodie,Black Hands,Silver,Snow White,Remote Control,Chilling Cat,Focused Eyes
503,Gold Orange,Glass Hoodie,Number Hands,None,Snow White,Duct Tape,Exhausted Fish,Conscious Eyes
504,Moss Green,Snow White,Glass Hands,None,Snow White,Faceless Mouth,Classic Headphones,Crying Eyes
505,Snow White,Midnight Blue,Glass Hands,Silver,Ape Mask,Default,None,Default
506,Midnight Blue,Midnight Blue,Diamond Hands,Golden,Serious Brown,Faceless Mouth,None,Bored Eyes
507,Platinum Grey,Moss Green,Glass Hands,Silver,Moss Green,Remote Control,Chilling Cat,Conscious Eyes
508,Reactive Green,Moss Green,Number Hands,Silver,No Face Mask,Default,None,Default
509,Reactive Green,Snow White,Glass Hands,Silver,Creepy Mask,Default,None,Default
510,Gold Yellow,Reactive Green,Glass Hands,Silver,Midnight Blue,Cigarette,None,Bored Eyes
511,Gold Yellow,Midnight Blue,Black Hands,Silver,No Face Mask,Default,Good or Bad,Default
512,Snow White,Numbers Hoodie,Glass Hands,Golden,Midnight Blue,Split Snakes Tongue,Consumed Cables,Conscious Eyes
513,Midnight Blue,Snow White,Black Hands,Silver,Moss Green,Duct Tape,Chilling Cat,Conscious Eyes
514,Midnight Blue,Reactive Green,Snake Hand,None,Serious Brown,Faceless Mouth,Classic Headphones,Mad Eye
515,Scammer Faces,Reactive Green,Glass Hands,None,Vendetta Mask,Default,None,Default
516,Moss Green,Platinum Grey,Black Hands,Golden,Midnight Blue,Faceless Mouth,None,Conscious Eyes
517,Platinum Grey,Snow White,Black Hands,Silver,Moss Green,Mad Mouth,None,Crazy Eyes
518,Midnight Blue,Reactive Green,Black Hands,Golden,Vendetta Mask,Default,None,Default
519,Gold Orange,Platinum Grey,Black Hands,Silver,Midnight Blue,Serious Mouth,Classic Headphones,Conscious Eyes
520,Gold Orange,Reactive Green,Diamond Hands,Golden,Snow White,Remote Control,None,Mad Eye
521,Platinum Grey,Numbers Hoodie,Black Hands,None,Creepy Mask,Default,Classic Headphones,Default
522,Platinum Grey,Midnight Blue,Black Hands,Silver,Platinum Grey,Mad Mouth,None,Focused Eyes
523,Gold Yellow,Reactive Green,Black Hands,Silver,Vendetta Mask,Default,None,Default
524,Midnight Blue,Eyes Hoodie,Diamond Hands,Golden,Moss Green,Serious Mouth,Good or Bad,Hacker Googles
525,Reactive Green,Skeleton,Black Hands,None,Snow White,Gold Grill,None,Mad Eye
526,Reactive Green,Skeleton,Black Hands,Emerald,Platinum Grey,Duct Tape,None,Bored Eyes
527,Platinum Grey,Reactive Green,Number Hands,Golden,Serious Brown,Split Snakes Tongue,Exhausted Fish,Mad Eye
528,Midnight Blue,Skeleton,Black Hands,None,Platinum Grey,Cigarette,None,Conscious Eyes
529,Reactive Green,Midnight Blue,Diamond Hands,Diamond,Trippy Mask,Faceless Mouth,None,Conscious Eyes
530,Moss Green,Glass Hoodie,Black Hands,None,Serious Brown,Cigarette,Chilling Cat,Crying Eyes
531,Midnight Blue,Moss Green,Number Hands,Silver,Midnight Blue,Remote Control,Consumed Cables,Mad Eye
532,Gold Yellow,Reactive Green,Number Hands,Silver,Creepy Mask,Default,None,Default
533,Platinum Grey,Platinum Grey,Glass Hands,None,Platinum Grey,Split Snakes Tongue,Exhausted Fish,Bored Eyes
534,Platinum Grey,Snow White,Snake Hand,None,Vendetta Mask,Default,None,Default
535,Gold Orange,Glass Hoodie,Black Hands,Golden,Platinum Grey,Serious Mouth,None,Mad Eye
536,Midnight Blue,Reactive Green,Black Hands,Diamond,Snow White,Serious Mouth,Consumed Cables,Conscious Eyes
537,Gold Orange,Midnight Blue,Glass Hands,None,Platinum Grey,Split Snakes Tongue,None,Conscious Eyes
538,Platinum Grey,Midnight Blue,Number Hands,None,Vendetta Mask,Default,Good or Bad,Default
539,Reactive Green,Platinum Grey,Black Hands,Silver,Serious Brown,Duct Tape,None,Focused Eyes
540,Gold Orange,Midnight Blue,Black Hands,Silver,Moss Green,Serious Mouth,None,Bored Eyes
541,Gold Orange,Platinum Grey,Number Hands,Golden,Purge Mask,Default,Classic Headphones,Default
542,Reactive Green,Moss Green,Black Hands,Silver,Midnight Blue,Gold Grill,None,Conscious Eyes
543,Snow White,Trippy Hoodie,Black Hands,None,Moss Green,Faceless Mouth,Classic Headphones,Crazy Eyes
544,Snow White,Reactive Green,Glass Hands,Silver,Moss Green,Mad Mouth,None,Crazy Eyes
545,Reactive Green,Skeleton,Black Hands,Golden,Platinum Grey,Split Snakes Tongue,None,Bored Eyes
546,Midnight Blue,Midnight Blue,Black Hands,Silver,Midnight Blue,Serious Mouth,Consumed Cables,Mad Eye
547,Midnight Blue,Glass Hoodie,Black Hands,None,Serious Brown,Split Snakes Tongue,None,Crazy Eyes
548,Snow White,Moss Green,Black Hands,None,Platinum Grey,Mad Mouth,None,Mad Eye
549,Reactive Green,Snow White,Black Hands,Silver,Purge Mask,Default,None,Default
550,Gold Yellow,Platinum Grey,Glass Hands,None,Serious Brown,Split Snakes Tongue,None,Conscious Eyes
551,Midnight Blue,Platinum Grey,Black Hands,Silver,Platinum Grey,Serious Mouth,Classic Headphones,Mad Eye
552,Gold Yellow,Moss Green,Number Hands,None,Midnight Blue,Serious Mouth,Chilling Cat,Conscious Eyes
553,Midnight Blue,Moss Green,Snake Hand,None,Creepy Mask,Default,Consumed Cables,Default
554,Midnight Blue,Moss Green,Black Hands,None,Snow White,Mad Mouth,Chilling Cat,Bored Eyes
555,Snow White,Platinum Grey,Number Hands,None,Serious Brown,Remote Control,None,Mad Eye
556,Reactive Green,Reactive Green,Diamond Hands,Silver,Trippy Mask,Split Snakes Tongue,Exhausted Fish,Conscious Eyes
557,Reactive Green,Glass Hoodie,Glass Hands,Diamond,Trippy Mask,Faceless Mouth,Chilling Cat,Conscious Eyes
558,Moss Green,Snow White,Snake Hand,None,Snow White,Gold Grill,None,Conscious Eyes
559,Snow White,Moss Green,Glass Hands,Silver,Serious Brown,Faceless Mouth,None,Conscious Eyes
560,Platinum Grey,Reactive Green,Glass Hands,Silver,Moss Green,Duct Tape,None,Crazy Eyes
561,Snow White,Midnight Blue,Snake Hand,None,Moss Green,Remote Control,None,Hacker Googles
562,Platinum Grey,Glass Hoodie,Black Hands,Diamond,Purge Mask,Default,None,Default
563,Midnight Blue,Snow White,Emerald Hands,Silver,Midnight Blue,Mad Mouth,Exhausted Fish,Crying Eyes
564,Moss Green,Reactive Green,Glass Hands,Golden,Snow White,Serious Mouth,Chilling Cat,Crying Eyes
565,Midnight Blue,Platinum Grey,Glass Hands,Silver,No Face Mask,Default,None,Default
566,Reactive Green,Platinum Grey,Glass Hands,None,No Face Mask,Default,None,Default
567,Reactive Green,Numbers Hoodie,Black Hands,None,No Face Mask,Default,None,Default
568,Scammer Faces,Skeleton,Number Hands,Silver,Midnight Blue,Serious Mouth,None,Bored Eyes
569,Reactive Green,Snow White,Glass Hands,Golden,Platinum Grey,Duct Tape,Dead Bored Ape,Focused Eyes
570,Midnight Blue,Skeleton,Black Hands,Silver,Platinum Grey,Mad Mouth,None,Hacker Googles
571,Platinum Grey,Numbers Hoodie,Glass Hands,Silver,Vendetta Mask,Default,None,Default
572,Gold Orange,Midnight Blue,Black Hands,None,Purge Mask,Default,Good or Bad,Default
573,Platinum Grey,Midnight Blue,Black Hands,None,No Face Mask,Default,Exhausted Fish,Default
574,Moss Green,Reactive Green,Bone Fingers,None,Midnight Blue,Duct Tape,Consumed Cables,Conscious Eyes
575,Gold Yellow,Moss Green,Snake Hand,None,Serious Brown,Remote Control,Chilling Cat,Bored Eyes
576,Reactive Green,Platinum Grey,Black Hands,None,Moss Green,Serious Mouth,Chilling Cat,Mad Eye
577,Snow White,Eyes Hoodie,Glass Hands,Diamond,Platinum Grey,Remote Control,None,Mad Eye
578,Moss Green,Midnight Blue,Glass Hands,Silver,Midnight Blue,Cigarette,None,Mad Eye
579,Midnight Blue,Platinum Grey,Snake Hand,None,Serious Brown,Duct Tape,None,Conscious Eyes
580,Gold Yellow,Midnight Blue,Black Hands,None,Serious Brown,Cigarette,Good or Bad,Crazy Eyes
581,Reactive Green,Platinum Grey,Glass Hands,Silver,Moss Green,Mad Mouth,None,Crying Eyes
582,Gold Orange,Reactive Green,Black Hands,None,Platinum Grey,Remote Control,Exhausted Fish,Bored Eyes
583,Reactive Green,Midnight Blue,Emerald Hands,Silver,Moss Green,Mad Mouth,None,Conscious Eyes
584,Reactive Green,Moss Green,Glass Hands,None,Purge Mask,Default,Exhausted Fish,Default
585,Reactive Green,Midnight Blue,Black Hands,Diamond,No Face Mask,Default,None,Default
586,Moss Green,Glass Hoodie,Black Hands,Silver,Moss Green,Gold Grill,Good or Bad,Crying Eyes
587,Platinum Grey,Snow White,Emerald Hands,None,Purge Mask,Default,None,Default
588,Midnight Blue,Moss Green,Glass Hands,Silver,Snow White,Mad Mouth,Consumed Cables,Conscious Eyes
589,Gold Yellow,Moss Green,Black Hands,None,Midnight Blue,Cigarette,Exhausted Fish,Conscious Eyes
590,Moss Green,Snow White,Black Hands,Silver,Platinum Grey,Cigarette,Classic Headphones,Crying Eyes
591,Moss Green,Reactive Green,Number Hands,None,Creepy Mask,Default,Good or Bad,Default
592,Moss Green,Skeleton,Black Hands,None,Midnight Blue,Faceless Mouth,None,Crying Eyes
593,Reactive Green,Platinum Grey,Black Hands,None,Midnight Blue,Serious Mouth,Consumed Cables,Bored Eyes
594,Moss Green,Platinum Grey,Black Hands,Golden,Serious Brown,Gold Grill,Good or Bad,Conscious Eyes
595,Snow White,Reactive Green,Black Hands,Silver,Creepy Mask,Default,None,Default
596,Gold Yellow,Platinum Grey,Number Hands,Golden,Trippy Mask,Cigarette,Chilling Cat,Conscious Eyes
597,Reactive Green,Reactive Green,Black Hands,None,Platinum Grey,Cigarette,Dead Bored Ape,Crying Eyes
598,Moss Green,Reactive Green,Snake Hand,None,Midnight Blue,Serious Mouth,None,Conscious Eyes
599,Moss Green,Moss Green,Snake Hand,None,Serious Brown,Duct Tape,Consumed Cables,Conscious Eyes
600,Moss Green,Platinum Grey,Bone Fingers,None,Serious Brown,Mad Mouth,None,Conscious Eyes
601,Moss Green,Midnight Blue,Number Hands,Silver,Platinum Grey,Faceless Mouth,Exhausted Fish,Hacker Googles
602,Midnight Blue,Midnight Blue,Snake Hand,None,Snow White,Serious Mouth,None,Crazy Eyes
603,Reactive Green,Platinum Grey,Black Hands,Silver,No Face Mask,Default,None,Default
604,Midnight Blue,Glass Hoodie,Black Hands,None,Platinum Grey,Serious Mouth,Good or Bad,Crying Eyes
605,Snow White,Reactive Green,Black Hands,None,Serious Brown,Split Snakes Tongue,Classic Headphones,Focused Eyes
606,Platinum Grey,Reactive Green,Black Hands,Silver,Moss Green,Duct Tape,Dead Bored Ape,Conscious Eyes
607,Gold Orange,Midnight Blue,Snake Hand,None,Serious Brown,Cigarette,None,Mad Eye
608,Moss Green,Reactive Green,Black Hands,Golden,Snow White,Faceless Mouth,Consumed Cables,Mad Eye
609,Platinum Grey,Numbers Hoodie,Glass Hands,None,Serious Brown,Faceless Mouth,Chilling Cat,Conscious Eyes
610,Scammer Faces,Reactive Green,Black Hands,None,Snow White,Remote Control,Dead Bored Ape,Crying Eyes
611,Gold Yellow,Snow White,Glass Hands,Golden,Midnight Blue,Cigarette,Dead Bored Ape,Focused Eyes
612,Gold Orange,Midnight Blue,Snake Hand,None,Purge Mask,Default,Classic Headphones,Default
613,Reactive Green,Moss Green,Glass Hands,Silver,Platinum Grey,Faceless Mouth,None,Mad Eye
614,Platinum Grey,Platinum Grey,Black Hands,Golden,Moss Green,Serious Mouth,Classic Headphones,Crazy Eyes
615,Snow White,Snow White,Black Hands,Silver,Purge Mask,Default,Consumed Cables,Default
616,Moss Green,Numbers Hoodie,Snake Hand,None,Moss Green,Mad Mouth,Chilling Cat,Mad Eye
617,Moss Green,Reactive Green,Black Hands,Golden,Serious Brown,Serious Mouth,None,Conscious Eyes
618,Snow White,Moss Green,Snake Hand,None,Moss Green,Split Snakes Tongue,Dead Bored Ape,Crazy Eyes
619,Moss Green,Midnight Blue,Number Hands,Diamond,Serious Brown,Cigarette,None,Bored Eyes
620,Moss Green,Moss Green,Diamond Hands,None,No Face Mask,Default,Chilling Cat,Default
621,Reactive Green,Skeleton,Black Hands,None,Midnight Blue,Serious Mouth,None,Mad Eye
622,Gold Orange,Platinum Grey,Black Hands,Silver,Platinum Grey,Mad Mouth,None,Conscious Eyes
623,Midnight Blue,Midnight Blue,Snake Hand,None,Midnight Blue,Remote Control,None,Focused Eyes
624,Platinum Grey,Midnight Blue,Emerald Hands,Silver,Moss Green,Remote Control,None,Crying Eyes
625,Platinum Grey,Moss Green,Snake Hand,None,Purge Mask,Default,None,Default
626,Gold Yellow,Reactive Green,Snake Hand,None,Snow White,Faceless Mouth,Chilling Cat,Conscious Eyes
627,Snow White,Numbers Hoodie,Snake Hand,None,Trippy Mask,Split Snakes Tongue,Exhausted Fish,Conscious Eyes
628,Moss Green,Midnight Blue,Black Hands,Emerald,Moss Green,Duct Tape,Consumed Cables,Mad Eye
629,Reactive Green,Midnight Blue,Snake Hand,None,Moss Green,Faceless Mouth,Exhausted Fish,Mad Eye
630,Snow White,Reactive Green,Black Hands,None,Trippy Mask,Mad Mouth,None,Crying Eyes
631,Gold Orange,Platinum Grey,Black Hands,None,Creepy Mask,Default,None,Default
632,Snow White,Reactive Green,Black Hands,None,Snow White,Split Snakes Tongue,None,Bored Eyes
633,Midnight Blue,Moss Green,Black Hands,None,Purge Mask,Default,Chilling Cat,Default
634,Platinum Grey,Moss Green,Snake Hand,None,Creepy Mask,Default,None,Default
635,Moss Green,Platinum Grey,Black Hands,None,No Face Mask,Default,None,Default
636,Platinum Grey,Midnight Blue,Number Hands,None,Serious Brown,Cigarette,Chilling Cat,Conscious Eyes
637,Platinum Grey,Glass Hoodie,Black Hands,None,Vendetta Mask,Default,None,Default
638,Snow White,Numbers Hoodie,Black Hands,Silver,Platinum Grey,Mad Mouth,Classic Headphones,Conscious Eyes
639,Platinum Grey,Moss Green,Black Hands,None,Moss Green,Duct Tape,None,Conscious Eyes
640,Midnight Blue,Reactive Green,Number Hands,None,Moss Green,Mad Mouth,Exhausted Fish,Bored Eyes
641,Snow White,Moss Green,Snake Hand,None,Platinum Grey,Faceless Mouth,Consumed Cables,Conscious Eyes
642,Platinum Grey,Midnight Blue,Black Hands,Golden,Trippy Mask,Remote Control,Dead Bored Ape,Hacker Googles
643,Snow White,Moss Green,Diamond Hands,None,Moss Green,Serious Mouth,None,Mad Eye
644,Midnight Blue,Numbers Hoodie,Black Hands,Diamond,Creepy Mask,Default,Classic Headphones,Default
645,Midnight Blue,Midnight Blue,Black Hands,None,Midnight Blue,Serious Mouth,None,Conscious Eyes
646,Midnight Blue,Reactive Green,Black Hands,Golden,Serious Brown,Split Snakes Tongue,Classic Headphones,Conscious Eyes
647,Moss Green,Snow White,Bone Fingers,None,Midnight Blue,Duct Tape,Good or Bad,Conscious Eyes
648,Moss Green,Reactive Green,Black Hands,None,Creepy Mask,Default,None,Default
649,Snow White,Platinum Grey,Black Hands,Golden,Vendetta Mask,Default,None,Default
650,Reactive Green,Platinum Grey,Black Hands,Silver,No Face Mask,Default,Exhausted Fish,Default
651,Midnight Blue,Reactive Green,Emerald Hands,Golden,Serious Brown,Serious Mouth,None,Focused Eyes
652,Midnight Blue,Snow White,Snake Hand,None,Purge Mask,Default,None,Default
653,Reactive Green,Midnight Blue,Black Hands,None,Creepy Mask,Default,None,Default
654,Gold Yellow,Numbers Hoodie,Black Hands,None,Serious Brown,Faceless Mouth,Classic Headphones,Crying Eyes
655,Gold Orange,Platinum Grey,Black Hands,None,Moss Green,Serious Mouth,Chilling Cat,Conscious Eyes
656,Gold Orange,Midnight Blue,Black Hands,Golden,Purge Mask,Default,None,Default
657,Moss Green,Platinum Grey,Black Hands,None,Ape Mask,Default,Dead Bored Ape,Default
658,Moss Green,Midnight Blue,Black Hands,None,Trippy Mask,Gold Grill,None,Conscious Eyes
659,Midnight Blue,Platinum Grey,Black Hands,None,Moss Green,Mad Mouth,Good or Bad,Mad Eye
660,Gold Yellow,Midnight Blue,Diamond Hands,None,Ape Mask,Default,Exhausted Fish,Default
661,Moss Green,Trippy Hoodie,Black Hands,Golden,Ape Mask,Default,Classic Headphones,Default
662,Moss Green,Snow White,Glass Hands,Silver,Platinum Grey,Serious Mouth,Dead Bored Ape,Mad Eye
663,Gold Orange,Platinum Grey,Number Hands,None,Serious Brown,Serious Mouth,Good or Bad,Conscious Eyes
664,Midnight Blue,Platinum Grey,Black Hands,Golden,Midnight Blue,Serious Mouth,Sushi Lover,Conscious Eyes
665,Platinum Grey,Platinum Grey,Snake Hand,None,Platinum Grey,Cigarette,None,Mad Eye
666,Midnight Blue,Moss Green,Diamond Hands,Silver,Midnight Blue,Cigarette,None,Conscious Eyes
667,Reactive Green,Midnight Blue,Glass Hands,None,Trippy Mask,Cigarette,None,Bored Eyes
668,Snow White,Reactive Green,Black Hands,Silver,Snow White,Serious Mouth,Chilling Cat,Focused Eyes
669,Snow White,Reactive Green,Black Hands,None,No Face Mask,Default,None,Default
670,Snow White,Snow White,Black Hands,Silver,Ape Mask,Default,None,Default
671,Moss Green,Snow White,Black Hands,Golden,Snow White,Serious Mouth,Dead Bored Ape,Conscious Eyes
672,Scammer Faces,Platinum Grey,Snake Hand,None,Midnight Blue,Serious Mouth,Sushi Lover,Conscious Eyes
673,Moss Green,Midnight Blue,Glass Hands,None,Moss Green,Serious Mouth,Dead Bored Ape,Crazy Eyes
674,Snow White,Reactive Green,Black Hands,Diamond,Serious Brown,Duct Tape,None,Mad Eye
675,Reactive Green,Midnight Blue,Snake Hand,None,Platinum Grey,Serious Mouth,Sushi Lover,Conscious Eyes
676,Midnight Blue,Platinum Grey,Black Hands,Golden,Platinum Grey,Mad Mouth,None,Conscious Eyes
677,Platinum Grey,Snow White,Black Hands,None,Trippy Mask,Split Snakes Tongue,Chilling Cat,Mad Eye
678,Gold Yellow,Reactive Green,Diamond Hands,None,Midnight Blue,Cigarette,Good or Bad,Hacker Googles
679,Platinum Grey,Moss Green,Black Hands,Silver,Purge Mask,Default,Classic Headphones,Default
680,Platinum Grey,Skeleton,Black Hands,None,Snow White,Remote Control,None,Focused Eyes
681,Reactive Green,Midnight Blue,Black Hands,None,Midnight Blue,Faceless Mouth,Chilling Cat,Bored Eyes
682,Midnight Blue,Midnight Blue,Black Hands,Golden,Serious Brown,Duct Tape,None,Bored Eyes
683,Gold Orange,Midnight Blue,Black Hands,Silver,Moss Green,Serious Mouth,None,Conscious Eyes
684,Reactive Green,Eyes Hoodie,Snake Hand,None,Serious Brown,Serious Mouth,Chilling Cat,Crazy Eyes
685,Midnight Blue,Platinum Grey,Black Hands,Golden,Serious Brown,Duct Tape,None,Bored Eyes
686,Platinum Grey,Reactive Green,Number Hands,Silver,Midnight Blue,Remote Control,Consumed Cables,Conscious Eyes
687,Platinum Grey,Platinum Grey,Number Hands,Silver,Midnight Blue,Gold Grill,Classic Headphones,Conscious Eyes
688,Midnight Blue,Snow White,Black Hands,None,Ape Mask,Default,Good or Bad,Default
689,Gold Orange,Numbers Hoodie,Black Hands,Diamond,Serious Brown,Remote Control,None,Focused Eyes
690,Platinum Grey,Snow White,Snake Hand,None,Serious Brown,Mad Mouth,None,Focused Eyes
691,Moss Green,Moss Green,Black Hands,Silver,Midnight Blue,Duct Tape,Dead Bored Ape,Hacker Googles
692,Snow White,Platinum Grey,Diamond Hands,Silver,Midnight Blue,Serious Mouth,Exhausted Fish,Conscious Eyes
693,Gold Orange,Skeleton,Glass Hands,Silver,Moss Green,Remote Control,None,Conscious Eyes
694,Reactive Green,Skeleton,Black Hands,None,Midnight Blue,Faceless Mouth,None,Crazy Eyes
695,Midnight Blue,Platinum Grey,Black Hands,Silver,Platinum Grey,Serious Mouth,None,Conscious Eyes
696,Snow White,Reactive Green,Black Hands,None,Moss Green,Mad Mouth,None,Mad Eye
697,Midnight Blue,Moss Green,Black Hands,None,Serious Brown,Serious Mouth,Chilling Cat,Focused Eyes
698,Snow White,Skeleton,Black Hands,None,Snow White,Mad Mouth,None,Crying Eyes
699,Midnight Blue,Moss Green,Bone Fingers,None,Platinum Grey,Faceless Mouth,None,Conscious Eyes
700,Snow White,Moss Green,Diamond Hands,Silver,Creepy Mask,Default,Classic Headphones,Default
701,Midnight Blue,Platinum Grey,Snake Hand,None,Moss Green,Split Snakes Tongue,None,Conscious Eyes
702,Gold Orange,Snow White,Number Hands,None,Serious Brown,Split Snakes Tongue,Good or Bad,Conscious Eyes
703,Midnight Blue,Numbers Hoodie,Glass Hands,Diamond,Vendetta Mask,Default,None,Default
704,Platinum Grey,Midnight Blue,Black Hands,None,Midnight Blue,Cigarette,None,Crazy Eyes
705,Snow White,Numbers Hoodie,Black Hands,Diamond,Serious Brown,Faceless Mouth,None,Conscious Eyes
706,Snow White,Platinum Grey,Black Hands,Silver,Midnight Blue,Cigarette,None,Conscious Eyes
707,Midnight Blue,Moss Green,Black Hands,None,Midnight Blue,Duct Tape,Good or Bad,Hacker Googles
708,Reactive Green,Platinum Grey,Black Hands,None,Creepy Mask,Default,Dead Bored Ape,Default
709,Reactive Green,Midnight Blue,Black Hands,None,Vendetta Mask,Default,Good or Bad,Default
710,Moss Green,Midnight Blue,Number Hands,Silver,Moss Green,Mad Mouth,Exhausted Fish,Crazy Eyes
711,Reactive Green,Midnight Blue,Snake Hand,None,Serious Brown,Faceless Mouth,Chilling Cat,Mad Eye
712,Snow White,Midnight Blue,Diamond Hands,Silver,Serious Brown,Faceless Mouth,Classic Headphones,Bored Eyes
713,Gold Yellow,Moss Green,Emerald Hands,None,Serious Brown,Remote Control,None,Focused Eyes
714,Moss Green,Reactive Green,Glass Hands,Silver,Snow White,Remote Control,None,Conscious Eyes
715,Platinum Grey,Glass Hoodie,Black Hands,Silver,Vendetta Mask,Default,Consumed Cables,Default
716,Moss Green,Moss Green,Glass Hands,None,Serious Brown,Faceless Mouth,Dead Bored Ape,Focused Eyes
717,Gold Yellow,Platinum Grey,Black Hands,None,Serious Brown,Serious Mouth,Good or Bad,Conscious Eyes
718,Reactive Green,Midnight Blue,Black Hands,Silver,No Face Mask,Default,None,Default
719,Reactive Green,Moss Green,Black Hands,Golden,Midnight Blue,Serious Mouth,None,Conscious Eyes
720,Moss Green,Moss Green,Black Hands,None,Moss Green,Duct Tape,None,Conscious Eyes
721,Platinum Grey,Reactive Green,Black Hands,Golden,Midnight Blue,Mad Mouth,None,Focused Eyes
722,Moss Green,Reactive Green,Black Hands,None,Serious Brown,Duct Tape,None,Mad Eye
723,Platinum Grey,Moss Green,Black Hands,Silver,Serious Brown,Serious Mouth,Exhausted Fish,Bored Eyes
724,Gold Yellow,Reactive Green,Number Hands,None,Midnight Blue,Remote Control,None,Bored Eyes
725,Platinum Grey,Reactive Green,Number Hands,None,Moss Green,Serious Mouth,None,Conscious Eyes
726,Snow White,Eyes Hoodie,Black Hands,None,Serious Brown,Duct Tape,Dead Bored Ape,Conscious Eyes
727,Reactive Green,Glass Hoodie,Black Hands,Silver,Midnight Blue,Mad Mouth,Chilling Cat,Conscious Eyes
728,Snow White,Platinum Grey,Black Hands,Silver,Platinum Grey,Cigarette,None,Conscious Eyes
729,Snow White,Glass Hoodie,Black Hands,None,Snow White,Gold Grill,None,Hacker Googles
730,Platinum Grey,Midnight Blue,Black Hands,Silver,No Face Mask,Default,Classic Headphones,Default
731,Platinum Grey,Snow White,Snake Hand,None,Creepy Mask,Default,None,Default
732,Platinum Grey,Reactive Green,Black Hands,Golden,Platinum Grey,Faceless Mouth,Classic Headphones,Crying Eyes
733,Midnight Blue,Glass Hoodie,Snake Hand,None,Serious Brown,Faceless Mouth,Chilling Cat,Crying Eyes
734,Gold Yellow,Midnight Blue,Number Hands,None,Snow White,Mad Mouth,Classic Headphones,Crying Eyes
735,Reactive Green,Platinum Grey,Black Hands,Golden,Snow White,Remote Control,Classic Headphones,Mad Eye
736,Snow White,Glass Hoodie,Bone Fingers,None,Serious Brown,Mad Mouth,Classic Headphones,Conscious Eyes
737,Scammer Faces,Snow White,Diamond Hands,Emerald,Snow White,Gold Grill,Dead Bored Ape,Bored Eyes
738,Reactive Green,Platinum Grey,Black Hands,Silver,Midnight Blue,Faceless Mouth,None,Conscious Eyes
739,Reactive Green,Platinum Grey,Glass Hands,Emerald,No Face Mask,Default,Chilling Cat,Default
740,Midnight Blue,Reactive Green,Black Hands,Silver,Moss Green,Mad Mouth,None,Conscious Eyes
741,Gold Orange,Numbers Hoodie,Bone Fingers,None,Platinum Grey,Duct Tape,Dead Bored Ape,Crazy Eyes
742,Gold Orange,Reactive Green,Black Hands,Silver,Midnight Blue,Mad Mouth,Chilling Cat,Conscious Eyes
743,Snow White,Moss Green,Snake Hand,None,Snow White,Faceless Mouth,None,Focused Eyes
744,Gold Yellow,Midnight Blue,Glass Hands,None,No Face Mask,Default,Exhausted Fish,Default
745,Reactive Green,Platinum Grey,Black Hands,Golden,Midnight Blue,Faceless Mouth,Exhausted Fish,Mad Eye
746,Gold Orange,Reactive Green,Glass Hands,None,Serious Brown,Serious Mouth,Sushi Lover,Conscious Eyes
747,Midnight Blue,Moss Green,Black Hands,Silver,Purge Mask,Default,Exhausted Fish,Default
748,Reactive Green,Reactive Green,Snake Hand,None,Platinum Grey,Mad Mouth,Dead Bored Ape,Conscious Eyes
749,Moss Green,Numbers Hoodie,Glass Hands,Silver,Snow White,Gold Grill,None,Hacker Googles
750,Reactive Green,Moss Green,Number Hands,Silver,Purge Mask,Default,Consumed Cables,Default
751,Moss Green,Midnight Blue,Snake Hand,None,Moss Green,Remote Control,None,Conscious Eyes
752,Moss Green,Platinum Grey,Black Hands,Silver,Snow White,Mad Mouth,Chilling Cat,Focused Eyes
753,Gold Orange,Snow White,Black Hands,Emerald,Snow White,Serious Mouth,None,Conscious Eyes
754,Platinum Grey,Reactive Green,Black Hands,Diamond,Snow White,Serious Mouth,Good or Bad,Mad Eye
755,Midnight Blue,Platinum Grey,Black Hands,Silver,Purge Mask,Default,None,Default
756,Snow White,Platinum Grey,Black Hands,Silver,Moss Green,Serious Mouth,None,Conscious Eyes
757,Midnight Blue,Numbers Hoodie,Black Hands,None,Moss Green,Mad Mouth,None,Crazy Eyes
758,Moss Green,Moss Green,Black Hands,Golden,Midnight Blue,Gold Grill,None,Hacker Googles
759,Snow White,Moss Green,Number Hands,Golden,Moss Green,Duct Tape,Consumed Cables,Conscious Eyes
760,Midnight Blue,Platinum Grey,Black Hands,Golden,Serious Brown,Remote Control,Exhausted Fish,Hacker Googles
761,Snow White,Skeleton,Black Hands,Silver,Moss Green,Remote Control,None,Conscious Eyes
762,Gold Yellow,Numbers Hoodie,Black Hands,Silver,Purge Mask,Default,None,Default
763,Snow White,Reactive Green,Black Hands,Golden,Platinum Grey,Remote Control,Good or Bad,Crying Eyes
764,Platinum Grey,Moss Green,Black Hands,Silver,Trippy Mask,Mad Mouth,None,Conscious Eyes
765,Platinum Grey,Reactive Green,Black Hands,None,Moss Green,Gold Grill,Chilling Cat,Focused Eyes
766,Reactive Green,Reactive Green,Black Hands,Silver,Creepy Mask,Default,Good or Bad,Default
767,Platinum Grey,Snow White,Black Hands,None,Midnight Blue,Split Snakes Tongue,None,Crazy Eyes
768,Moss Green,Reactive Green,Number Hands,Golden,Creepy Mask,Default,Exhausted Fish,Default
769,Platinum Grey,Reactive Green,Black Hands,None,Moss Green,Cigarette,None,Conscious Eyes
770,Platinum Grey,Platinum Grey,Black Hands,Golden,Snow White,Duct Tape,Good or Bad,Hacker Googles
771,Platinum Grey,Midnight Blue,Number Hands,None,Serious Brown,Serious Mouth,Sushi Lover,Crazy Eyes
772,Midnight Blue,Skeleton,Glass Hands,Silver,Serious Brown,Faceless Mouth,None,Conscious Eyes
773,Midnight Blue,Numbers Hoodie,Black Hands,Silver,Purge Mask,Default,None,Default
774,Midnight Blue,Platinum Grey,Bone Fingers,None,Moss Green,Split Snakes Tongue,Chilling Cat,Crazy Eyes
775,Moss Green,Moss Green,Black Hands,None,Serious Brown,Remote Control,None,Focused Eyes
776,Gold Orange,Reactive Green,Number Hands,Silver,Serious Brown,Duct Tape,Consumed Cables,Crazy Eyes
777,Snow White,Snow White,Glass Hands,None,Midnight Blue,Split Snakes Tongue,Classic Headphones,Mad Eye
778,Midnight Blue,Numbers Hoodie,Black Hands,None,Moss Green,Serious Mouth,Good or Bad,Conscious Eyes
779,Reactive Green,Platinum Grey,Glass Hands,None,Midnight Blue,Faceless Mouth,None,Crazy Eyes
780,Snow White,Reactive Green,Black Hands,None,Trippy Mask,Faceless Mouth,Consumed Cables,Conscious Eyes
781,Reactive Green,Eyes Hoodie,Snake Hand,None,Snow White,Serious Mouth,Dead Bored Ape,Mad Eye
782,Gold Orange,Glass Hoodie,Glass Hands,None,Moss Green,Mad Mouth,None,Conscious Eyes
783,Reactive Green,Eyes Hoodie,Black Hands,None,No Face Mask,Default,None,Default
784,Reactive Green,Snow White,Number Hands,None,Midnight Blue,Serious Mouth,Sushi Lover,Mad Eye
785,Platinum Grey,Moss Green,Snake Hand,None,Serious Brown,Faceless Mouth,Consumed Cables,Conscious Eyes
786,Moss Green,Reactive Green,Black Hands,Diamond,No Face Mask,Default,Good or Bad,Default
787,Gold Orange,Midnight Blue,Snake Hand,None,Trippy Mask,Serious Mouth,Sushi Lover,Conscious Eyes
788,Snow White,Numbers Hoodie,Black Hands,Golden,Moss Green,Faceless Mouth,Consumed Cables,Crying Eyes
789,Gold Yellow,Platinum Grey,Glass Hands,None,Creepy Mask,Default,Good or Bad,Default
790,Moss Green,Midnight Blue,Glass Hands,None,Vendetta Mask,Default,Consumed Cables,Default
791,Platinum Grey,Numbers Hoodie,Black Hands,Silver,Snow White,Cigarette,None,Crying Eyes
792,Reactive Green,Reactive Green,Glass Hands,Silver,Serious Brown,Cigarette,None,Crying Eyes
793,Platinum Grey,Skeleton,Number Hands,Silver,Moss Green,Faceless Mouth,None,Conscious Eyes
794,Snow White,Midnight Blue,Black Hands,None,No Face Mask,Default,None,Default
795,Scammer Faces,Trippy Hoodie,Snake Hand,None,Snow White,Cigarette,Dead Bored Ape,Crazy Eyes
796,Moss Green,Eyes Hoodie,Snake Hand,None,Vendetta Mask,Default,None,Default
797,Moss Green,Platinum Grey,Number Hands,Silver,Platinum Grey,Mad Mouth,Exhausted Fish,Crazy Eyes
798,Gold Orange,Moss Green,Black Hands,Silver,No Face Mask,Default,None,Default
799,Platinum Grey,Moss Green,Glass Hands,Diamond,Platinum Grey,Cigarette,Consumed Cables,Focused Eyes
800,Midnight Blue,Midnight Blue,Snake Hand,None,Midnight Blue,Cigarette,None,Focused Eyes
801,Snow White,Moss Green,Glass Hands,None,Serious Brown,Serious Mouth,Sushi Lover,Mad Eye
802,Gold Yellow,Reactive Green,Black Hands,None,Moss Green,Faceless Mouth,Exhausted Fish,Crazy Eyes
803,Reactive Green,Reactive Green,Diamond Hands,Silver,Purge Mask,Default,Consumed Cables,Default
804,Reactive Green,Snow White,Glass Hands,Silver,Snow White,Mad Mouth,Exhausted Fish,Mad Eye
805,Gold Orange,Numbers Hoodie,Glass Hands,Golden,No Face Mask,Default,Chilling Cat,Default
806,Midnight Blue,Platinum Grey,Emerald Hands,Silver,Purge Mask,Default,Dead Bored Ape,Default
807,Moss Green,Platinum Grey,Black Hands,Golden,Platinum Grey,Faceless Mouth,Exhausted Fish,Mad Eye
808,Moss Green,Eyes Hoodie,Black Hands,None,Trippy Mask,Duct Tape,Consumed Cables,Hacker Googles
809,Reactive Green,Snow White,Snake Hand,None,Midnight Blue,Serious Mouth,None,Mad Eye
810,Platinum Grey,Platinum Grey,Snake Hand,None,Purge Mask,Default,None,Default
811,Moss Green,Reactive Green,Number Hands,None,Moss Green,Serious Mouth,Consumed Cables,Conscious Eyes
812,Reactive Green,Platinum Grey,Black Hands,Silver,Moss Green,Serious Mouth,Good or Bad,Conscious Eyes
813,Midnight Blue,Snow White,Bone Fingers,None,Trippy Mask,Serious Mouth,Consumed Cables,Crazy Eyes
814,Moss Green,Snow White,Glass Hands,Silver,Purge Mask,Default,None,Default
815,Gold Orange,Moss Green,Glass Hands,Silver,Midnight Blue,Mad Mouth,Good or Bad,Bored Eyes
816,Midnight Blue,Moss Green,Black Hands,None,Serious Brown,Split Snakes Tongue,None,Crying Eyes
817,Snow White,Platinum Grey,Black Hands,Silver,No Face Mask,Default,None,Default
818,Scammer Faces,Reactive Green,Black Hands,None,Creepy Mask,Default,None,Default
819,Midnight Blue,Reactive Green,Diamond Hands,Golden,Trippy Mask,Serious Mouth,None,Hacker Googles
820,Reactive Green,Midnight Blue,Glass Hands,Golden,Platinum Grey,Mad Mouth,None,Conscious Eyes
821,Moss Green,Midnight Blue,Black Hands,Silver,Platinum Grey,Serious Mouth,Consumed Cables,Bored Eyes
822,Gold Yellow,Midnight Blue,Black Hands,Silver,Serious Brown,Faceless Mouth,None,Crazy Eyes
823,Reactive Green,Reactive Green,Black Hands,Silver,Platinum Grey,Gold Grill,None,Conscious Eyes
824,Platinum Grey,Reactive Green,Snake Hand,None,Midnight Blue,Duct Tape,Classic Headphones,Mad Eye
825,Moss Green,Reactive Green,Diamond Hands,Emerald,Moss Green,Faceless Mouth,None,Conscious Eyes
826,Reactive Green,Eyes Hoodie,Glass Hands,Golden,Midnight Blue,Remote Control,Exhausted Fish,Hacker Googles
827,Snow White,Platinum Grey,Snake Hand,None,Purge Mask,Default,Good or Bad,Default
828,Reactive Green,Skeleton,Black Hands,None,Serious Brown,Split Snakes Tongue,None,Crying Eyes
829,Moss Green,Skeleton,Black Hands,Silver,Moss Green,Mad Mouth,None,Bored Eyes
830,Reactive Green,Skeleton,Glass Hands,Golden,Serious Brown,Faceless Mouth,None,Conscious Eyes
831,Gold Orange,Reactive Green,Black Hands,Silver,Midnight Blue,Faceless Mouth,Good or Bad,Conscious Eyes
832,Platinum Grey,Glass Hoodie,Glass Hands,None,Moss Green,Cigarette,Classic Headphones,Conscious Eyes
833,Moss Green,Moss Green,Black Hands,Silver,Serious Brown,Faceless Mouth,Good or Bad,Conscious Eyes
834,Midnight Blue,Numbers Hoodie,Emerald Hands,Silver,Platinum Grey,Cigarette,Consumed Cables,Crying Eyes
835,Gold Yellow,Moss Green,Black Hands,None,Creepy Mask,Default,Good or Bad,Default
836,Platinum Grey,Reactive Green,Black Hands,None,Vendetta Mask,Default,Good or Bad,Default
837,Moss Green,Numbers Hoodie,Black Hands,Silver,Serious Brown,Serious Mouth,Consumed Cables,Mad Eye
838,Moss Green,Moss Green,Black Hands,None,Purge Mask,Default,Consumed Cables,Default
839,Platinum Grey,Snow White,Black Hands,Silver,Midnight Blue,Cigarette,None,Conscious Eyes
840,Reactive Green,Reactive Green,Black Hands,None,Serious Brown,Faceless Mouth,Dead Bored Ape,Conscious Eyes
841,Reactive Green,Numbers Hoodie,Bone Fingers,None,Midnight Blue,Serious Mouth,None,Focused Eyes
842,Platinum Grey,Midnight Blue,Glass Hands,None,Serious Brown,Serious Mouth,None,Crazy Eyes
843,Midnight Blue,Eyes Hoodie,Black Hands,None,Snow White,Duct Tape,None,Crying Eyes
844,Snow White,Reactive Green,Number Hands,None,Trippy Mask,Serious Mouth,Sushi Lover,Conscious Eyes
845,Snow White,Reactive Green,Black Hands,Diamond,Platinum Grey,Faceless Mouth,None,Bored Eyes
846,Platinum Grey,Platinum Grey,Emerald Hands,None,Creepy Mask,Default,Chilling Cat,Default
847,Moss Green,Snow White,Black Hands,None,Serious Brown,Cigarette,None,Conscious Eyes
848,Platinum Grey,Midnight Blue,Black Hands,Silver,Moss Green,Mad Mouth,None,Bored Eyes
849,Moss Green,Glass Hoodie,Black Hands,Silver,Midnight Blue,Split Snakes Tongue,None,Bored Eyes
850,Midnight Blue,Reactive Green,Number Hands,None,Platinum Grey,Cigarette,Exhausted Fish,Conscious Eyes
851,Snow White,Moss Green,Snake Hand,None,Platinum Grey,Mad Mouth,Exhausted Fish,Bored Eyes
852,Gold Orange,Numbers Hoodie,Diamond Hands,None,Moss Green,Gold Grill,None,Hacker Googles
853,Moss Green,Reactive Green,Glass Hands,Golden,Platinum Grey,Cigarette,None,Hacker Googles
854,Scammer Faces,Platinum Grey,Glass Hands,Silver,Snow White,Duct Tape,Classic Headphones,Conscious Eyes
855,Platinum Grey,Platinum Grey,Black Hands,None,Purge Mask,Default,Good or Bad,Default
856,Moss Green,Midnight Blue,Black Hands,Golden,Vendetta Mask,Default,None,Default
857,Platinum Grey,Snow White,Black Hands,None,Serious Brown,Gold Grill,None,Crying Eyes
858,Moss Green,Snow White,Black Hands,Silver,Platinum Grey,Cigarette,Good or Bad,Focused Eyes
859,Reactive Green,Eyes Hoodie,Snake Hand,None,Moss Green,Faceless Mouth,Classic Headphones,Mad Eye
860,Gold Yellow,Eyes Hoodie,Snake Hand,None,Midnight Blue,Serious Mouth,Sushi Lover,Crying Eyes
861,Platinum Grey,Midnight Blue,Black Hands,Silver,Midnight Blue,Remote Control,Good or Bad,Focused Eyes
862,Gold Orange,Glass Hoodie,Number Hands,None,Midnight Blue,Remote Control,None,Conscious Eyes
863,Gold Orange,Moss Green,Black Hands,None,Serious Brown,Faceless Mouth,Exhausted Fish,Conscious Eyes
864,Snow White,Reactive Green,Snake Hand,None,Vendetta Mask,Default,None,Default
865,Moss Green,Eyes Hoodie,Black Hands,Silver,Moss Green,Remote Control,Consumed Cables,Hacker Googles
866,Reactive Green,Reactive Green,Black Hands,None,Purge Mask,Default,Chilling Cat,Default
867,Gold Orange,Midnight Blue,Glass Hands,None,Midnight Blue,Faceless Mouth,Exhausted Fish,Conscious Eyes
868,Reactive Green,Eyes Hoodie,Black Hands,Golden,Snow White,Cigarette,None,Crazy Eyes
869,Reactive Green,Platinum Grey,Black Hands,Silver,Moss Green,Mad Mouth,None,Crying Eyes
870,Moss Green,Glass Hoodie,Snake Hand,None,Snow White,Serious Mouth,Good or Bad,Conscious Eyes
871,Snow White,Midnight Blue,Black Hands,Golden,Snow White,Mad Mouth,Exhausted Fish,Conscious Eyes
872,Gold Orange,Midnight Blue,Glass Hands,Diamond,Snow White,Cigarette,Exhausted Fish,Conscious Eyes
873,Platinum Grey,Platinum Grey,Bone Fingers,None,Midnight Blue,Faceless Mouth,Consumed Cables,Conscious Eyes
874,Platinum Grey,Reactive Green,Black Hands,None,Moss Green,Split Snakes Tongue,None,Mad Eye
875,Snow White,Midnight Blue,Black Hands,Silver,Midnight Blue,Split Snakes Tongue,Good or Bad,Conscious Eyes
876,Gold Orange,Reactive Green,Glass Hands,Silver,Purge Mask,Default,None,Default
877,Gold Orange,Midnight Blue,Glass Hands,Golden,Platinum Grey,Faceless Mouth,None,Crazy Eyes
878,Reactive Green,Trippy Hoodie,Snake Hand,None,Purge Mask,Default,None,Default
879,Moss Green,Snow White,Black Hands,Emerald,Vendetta Mask,Default,None,Default
880,Scammer Faces,Platinum Grey,Black Hands,Silver,Platinum Grey,Serious Mouth,None,Mad Eye
881,Midnight Blue,Midnight Blue,Snake Hand,None,Moss Green,Serious Mouth,None,Bored Eyes
882,Midnight Blue,Platinum Grey,Glass Hands,None,Moss Green,Gold Grill,None,Hacker Googles
883,Reactive Green,Moss Green,Emerald Hands,None,Midnight Blue,Duct Tape,Exhausted Fish,Conscious Eyes
884,Gold Yellow,Midnight Blue,Black Hands,Silver,Moss Green,Faceless Mouth,Consumed Cables,Conscious Eyes
885,Gold Orange,Platinum Grey,Black Hands,Silver,Vendetta Mask,Default,None,Default
886,Midnight Blue,Glass Hoodie,Black Hands,None,Serious Brown,Split Snakes Tongue,Classic Headphones,Conscious Eyes
887,Snow White,Reactive Green,Black Hands,Silver,Midnight Blue,Faceless Mouth,None,Conscious Eyes
888,Gold Yellow,Moss Green,Black Hands,None,Moss Green,Mad Mouth,Consumed Cables,Crazy Eyes
889,Gold Orange,Midnight Blue,Black Hands,Silver,No Face Mask,Default,Chilling Cat,Default
890,Moss Green,Platinum Grey,Black Hands,Silver,Serious Brown,Duct Tape,None,Bored Eyes
891,Reactive Green,Reactive Green,Black Hands,Diamond,Moss Green,Mad Mouth,None,Crying Eyes
892,Snow White,Reactive Green,Black Hands,Golden,Ape Mask,Default,None,Default
893,Moss Green,Moss Green,Snake Hand,None,Vendetta Mask,Default,Dead Bored Ape,Default
894,Platinum Grey,Snow White,Bone Fingers,None,Snow White,Faceless Mouth,None,Mad Eye
895,Reactive Green,Midnight Blue,Snake Hand,None,Snow White,Mad Mouth,Dead Bored Ape,Crying Eyes
896,Reactive Green,Moss Green,Glass Hands,None,Vendetta Mask,Default,Consumed Cables,Default
897,Reactive Green,Moss Green,Snake Hand,None,Midnight Blue,Duct Tape,Consumed Cables,Conscious Eyes
898,Platinum Grey,Platinum Grey,Black Hands,Silver,No Face Mask,Default,Exhausted Fish,Default
899,Moss Green,Glass Hoodie,Number Hands,Silver,Creepy Mask,Default,Classic Headphones,Default
900,Snow White,Moss Green,Black Hands,Silver,Vendetta Mask,Default,None,Default
901,Midnight Blue,Glass Hoodie,Black Hands,Golden,Moss Green,Remote Control,Chilling Cat,Crying Eyes
902,Moss Green,Midnight Blue,Black Hands,Golden,Serious Brown,Duct Tape,None,Mad Eye
903,Platinum Grey,Reactive Green,Snake Hand,None,Serious Brown,Serious Mouth,Consumed Cables,Conscious Eyes
904,Reactive Green,Snow White,Black Hands,Diamond,Serious Brown,Serious Mouth,Sushi Lover,Conscious Eyes
905,Moss Green,Snow White,Black Hands,Silver,Platinum Grey,Split Snakes Tongue,Exhausted Fish,Bored Eyes
906,Snow White,Platinum Grey,Snake Hand,None,Midnight Blue,Duct Tape,None,Focused Eyes
907,Gold Orange,Snow White,Glass Hands,Golden,Serious Brown,Faceless Mouth,Consumed Cables,Mad Eye
908,Gold Orange,Glass Hoodie,Bone Fingers,None,Moss Green,Faceless Mouth,Dead Bored Ape,Hacker Googles
909,Snow White,Moss Green,Black Hands,None,Midnight Blue,Faceless Mouth,None,Mad Eye
910,Moss Green,Snow White,Snake Hand,None,Serious Brown,Split Snakes Tongue,Consumed Cables,Crazy Eyes
911,Snow White,Platinum Grey,Black Hands,Golden,No Face Mask,Default,Good or Bad,Default
912,Moss Green,Moss Green,Black Hands,Silver,Midnight Blue,Cigarette,Dead Bored Ape,Crazy Eyes
913,Moss Green,Midnight Blue,Black Hands,None,Purge Mask,Default,Dead Bored Ape,Default
914,Moss Green,Midnight Blue,Bone Fingers,None,Vendetta Mask,Default,None,Default
915,Snow White,Trippy Hoodie,Black Hands,Diamond,Moss Green,Duct Tape,None,Conscious Eyes
916,Reactive Green,Platinum Grey,Black Hands,None,Platinum Grey,Mad Mouth,None,Conscious Eyes
917,Gold Yellow,Platinum Grey,Black Hands,Golden,Serious Brown,Cigarette,Chilling Cat,Crazy Eyes
918,Platinum Grey,Moss Green,Black Hands,Diamond,Midnight Blue,Duct Tape,Good or Bad,Crazy Eyes
919,Gold Yellow,Eyes Hoodie,Glass Hands,Golden,Midnight Blue,Mad Mouth,None,Conscious Eyes
920,Midnight Blue,Midnight Blue,Number Hands,Golden,Platinum Grey,Split Snakes Tongue,None,Mad Eye
921,Midnight Blue,Snow White,Black Hands,Silver,Moss Green,Cigarette,Chilling Cat,Hacker Googles
922,Moss Green,Glass Hoodie,Snake Hand,None,No Face Mask,Default,Good or Bad,Default
923,Scammer Faces,Skeleton,Glass Hands,Silver,Midnight Blue,Remote Control,None,Bored Eyes
924,Snow White,Moss Green,Black Hands,None,Platinum Grey,Gold Grill,None,Conscious Eyes
925,Reactive Green,Midnight Blue,Black Hands,Silver,Ape Mask,Default,None,Default
926,Platinum Grey,Platinum Grey,Black Hands,Golden,Purge Mask,Default,Classic Headphones,Default
927,Scammer Faces,Reactive Green,Diamond Hands,None,Moss Green,Remote Control,None,Crazy Eyes
928,Moss Green,Platinum Grey,Black Hands,Silver,Moss Green,Mad Mouth,Chilling Cat,Focused Eyes
929,Snow White,Moss Green,Glass Hands,None,Midnight Blue,Cigarette,Classic Headphones,Hacker Googles
930,Moss Green,Skeleton,Black Hands,None,Serious Brown,Faceless Mouth,None,Conscious Eyes
931,Platinum Grey,Moss Green,Black Hands,Golden,Moss Green,Cigarette,None,Crying Eyes
932,Gold Yellow,Moss Green,Number Hands,Silver,Creepy Mask,Default,None,Default
933,Midnight Blue,Moss Green,Snake Hand,None,Moss Green,Cigarette,None,Crying Eyes
934,Moss Green,Platinum Grey,Snake Hand,None,Moss Green,Duct Tape,None,Conscious Eyes
935,Reactive Green,Reactive Green,Bone Fingers,None,Platinum Grey,Gold Grill,Classic Headphones,Conscious Eyes
936,Reactive Green,Reactive Green,Snake Hand,None,Snow White,Mad Mouth,Exhausted Fish,Bored Eyes
937,Reactive Green,Midnight Blue,Black Hands,Silver,Moss Green,Duct Tape,Chilling Cat,Crying Eyes
938,Moss Green,Eyes Hoodie,Black Hands,Silver,Midnight Blue,Mad Mouth,Chilling Cat,Conscious Eyes
939,Reactive Green,Midnight Blue,Black Hands,Golden,Midnight Blue,Faceless Mouth,None,Conscious Eyes
940,Gold Yellow,Reactive Green,Black Hands,Silver,Creepy Mask,Default,None,Default
941,Snow White,Snow White,Black Hands,Silver,No Face Mask,Default,None,Default
942,Gold Yellow,Midnight Blue,Glass Hands,Diamond,No Face Mask,Default,None,Default
943,Midnight Blue,Glass Hoodie,Black Hands,Silver,Moss Green,Mad Mouth,Exhausted Fish,Crazy Eyes
944,Gold Orange,Platinum Grey,Glass Hands,Diamond,Purge Mask,Default,Dead Bored Ape,Default
945,Snow White,Midnight Blue,Emerald Hands,Silver,Platinum Grey,Duct Tape,None,Conscious Eyes
946,Gold Orange,Moss Green,Black Hands,Diamond,Vendetta Mask,Default,None,Default
947,Midnight Blue,Snow White,Black Hands,Silver,Serious Brown,Serious Mouth,Sushi Lover,Conscious Eyes
948,Midnight Blue,Glass Hoodie,Black Hands,None,Purge Mask,Default,Chilling Cat,Default
949,Moss Green,Midnight Blue,Glass Hands,None,Ape Mask,Default,None,Default
950,Gold Yellow,Moss Green,Snake Hand,None,Moss Green,Remote Control,Consumed Cables,Conscious Eyes
951,Platinum Grey,Reactive Green,Black Hands,Silver,Moss Green,Serious Mouth,None,Mad Eye
952,Gold Orange,Reactive Green,Diamond Hands,Golden,Platinum Grey,Mad Mouth,Dead Bored Ape,Conscious Eyes
953,Scammer Faces,Reactive Green,Black Hands,Silver,Moss Green,Split Snakes Tongue,None,Mad Eye
954,Midnight Blue,Midnight Blue,Snake Hand,None,Serious Brown,Duct Tape,Consumed Cables,Crazy Eyes
955,Reactive Green,Platinum Grey,Black Hands,Silver,Ape Mask,Default,Dead Bored Ape,Default
956,Platinum Grey,Moss Green,Black Hands,Silver,Purge Mask,Default,Chilling Cat,Default
957,Gold Orange,Snow White,Black Hands,None,Vendetta Mask,Default,None,Default
958,Platinum Grey,Midnight Blue,Snake Hand,None,Platinum Grey,Mad Mouth,Consumed Cables,Crazy Eyes
959,Gold Orange,Reactive Green,Glass Hands,Golden,Creepy Mask,Default,Good or Bad,Default
960,Platinum Grey,Midnight Blue,Black Hands,Golden,Serious Brown,Mad Mouth,Good or Bad,Focused Eyes
961,Gold Yellow,Midnight Blue,Bone Fingers,None,Snow White,Split Snakes Tongue,None,Conscious Eyes
962,Platinum Grey,Reactive Green,Number Hands,Diamond,Serious Brown,Remote Control,Good or Bad,Conscious Eyes
963,Moss Green,Moss Green,Glass Hands,Silver,Purge Mask,Default,None,Default
964,Midnight Blue,Midnight Blue,Snake Hand,None,No Face Mask,Default,Chilling Cat,Default
965,Midnight Blue,Midnight Blue,Glass Hands,Silver,Platinum Grey,Mad Mouth,Chilling Cat,Conscious Eyes
966,Platinum Grey,Reactive Green,Glass Hands,Golden,Moss Green,Cigarette,Dead Bored Ape,Conscious Eyes
967,Scammer Faces,Platinum Grey,Glass Hands,Silver,Serious Brown,Mad Mouth,Classic Headphones,Hacker Googles
968,Platinum Grey,Reactive Green,Number Hands,Golden,Snow White,Serious Mouth,Sushi Lover,Conscious Eyes
969,Gold Orange,Platinum Grey,Black Hands,Silver,Midnight Blue,Mad Mouth,None,Focused Eyes
970,Reactive Green,Snow White,Black Hands,Silver,Vendetta Mask,Default,None,Default
971,Snow White,Trippy Hoodie,Black Hands,None,Vendetta Mask,Default,Exhausted Fish,Default
972,Midnight Blue,Numbers Hoodie,Glass Hands,Silver,Moss Green,Mad Mouth,Consumed Cables,Bored Eyes
973,Midnight Blue,Skeleton,Black Hands,Silver,Moss Green,Gold Grill,None,Conscious Eyes
974,Platinum Grey,Moss Green,Glass Hands,Diamond,Vendetta Mask,Default,Classic Headphones,Default
975,Reactive Green,Moss Green,Black Hands,Golden,Snow White,Serious Mouth,Sushi Lover,Bored Eyes
976,Platinum Grey,Snow White,Glass Hands,Diamond,Purge Mask,Default,Exhausted Fish,Default
977,Midnight Blue,Reactive Green,Black Hands,Silver,No Face Mask,Default,None,Default
978,Midnight Blue,Numbers Hoodie,Number Hands,Silver,Serious Brown,Mad Mouth,Consumed Cables,Conscious Eyes
979,Midnight Blue,Reactive Green,Black Hands,None,Serious Brown,Faceless Mouth,Exhausted Fish,Crazy Eyes
980,Platinum Grey,Skeleton,Black Hands,Silver,Platinum Grey,Remote Control,None,Conscious Eyes
981,Midnight Blue,Glass Hoodie,Snake Hand,None,Vendetta Mask,Default,Dead Bored Ape,Default
982,Reactive Green,Eyes Hoodie,Snake Hand,None,Vendetta Mask,Default,Consumed Cables,Default
983,Gold Yellow,Reactive Green,Black Hands,Golden,Snow White,Mad Mouth,Consumed Cables,Crazy Eyes
984,Scammer Faces,Reactive Green,Number Hands,Silver,Creepy Mask,Default,Chilling Cat,Default
985,Midnight Blue,Numbers Hoodie,Number Hands,None,No Face Mask,Default,Classic Headphones,Default
986,Snow White,Midnight Blue,Glass Hands,Silver,Serious Brown,Mad Mouth,Exhausted Fish,Conscious Eyes
987,Moss Green,Moss Green,Glass Hands,Diamond,No Face Mask,Default,Good or Bad,Default
988,Platinum Grey,Snow White,Glass Hands,Silver,Creepy Mask,Default,Good or Bad,Default
989,Gold Yellow,Platinum Grey,Black Hands,None,Snow White,Serious Mouth,Sushi Lover,Focused Eyes
990,Snow White,Moss Green,Black Hands,Silver,Serious Brown,Serious Mouth,Sushi Lover,Crazy Eyes
991,Gold Orange,Glass Hoodie,Glass Hands,Diamond,No Face Mask,Default,None,Default
992,Midnight Blue,Platinum Grey,Black Hands,Silver,Snow White,Split Snakes Tongue,Dead Bored Ape,Bored Eyes
993,Gold Orange,Platinum Grey,Black Hands,Silver,No Face Mask,Default,Dead Bored Ape,Default
994,Gold Orange,Reactive Green,Black Hands,Silver,Purge Mask,Default,Exhausted Fish,Default
995,Snow White,Reactive Green,Bone Fingers,None,Purge Mask,Default,Chilling Cat,Default
996,Reactive Green,Platinum Grey,Black Hands,Silver,Midnight Blue,Cigarette,None,Crazy Eyes
997,Snow White,Snow White,Black Hands,Silver,Trippy Mask,Gold Grill,Dead Bored Ape,Crazy Eyes
998,Midnight Blue,Platinum Grey,Number Hands,Silver,No Face Mask,Default,Exhausted Fish,Default
999,Gold Orange,Snow White,Glass Hands,Silver,Serious Brown,Split Snakes Tongue,Classic Headphones,Crazy Eyes
